,edge_type,src_party,src_wing,dst_party,dst_wing,src_account,dst_account,full_text,human_label_amir,human_label_adva,human_label_alon,verdict,Algorithm,prob,Compare,compare with no 0,Amir-change 0,52,85,59
,edge_type,src_party,src_wing,dst_party,dst_wing,src_account,dst_account,full_text,human_label_amir,human_label_adva,human_label_alon,verdict,Algorithm,prob,Compare,compare with no 0,Amir-change 0,52,85,59
30206,quoted_status,Avoda,Left,Avoda,Left,mikiros1,omerbarlev,???????? ???? ????? (: https://t.co/Gy2fy0m16V,1,1,none,1,1,0.8604356,good,good,,,,
12636,free_mentions,Likud,Right,Yesh Atid,Center,dudiamsalem,yairlapid,???? ???? ???? ??? ???? ?? ??? ?????. ??????? ????? ?? ???? ?????? ???? ????. ??? ?? ??????? ?? ????? ?????? ????? ?????. https://t.co/p9mn1JeQuF,-1,-1,none,-1,-1,0.53335345,good,good,,,,
17817,user_mentions,Avoda,Left,Likud,Right,HaimJelin,Israel_katz,@BenCaspit @gidonsaar @Israel_katz ?? ???? ??? ??? ???? ?? ????? ????????  ???? ?????? ?? ???? ??? https://t.co/3PK1sBpEWs,-1,-1,none,-1,-1,0.99937916,good,good,,180,,
40993,free_mentions,Likud,Right,Likud,Right,TzipiHotovely,TzipiHotovely,"????? ???????? ?? ?""? ??????? ?? ????? ?? ??? ??????? ?????? ???""? ????? ????? ?? ??????? ?""? http://fb.me/LYp3kqG8",1,0,none,0,1,0.9789205,bad,good,1,,,
43714,free_mentions,Likud,Right,Likud,Right,YehudahGlick,IsraeliPM,"?? ??? ?????? ??? ""???? ????? ?????"" ??? ??? ?????? ?????? ??????!  ??? ?????? ?????? ??????? ?????? ????? ??? ??? ??? ???? ????? ???. ?? ?? ??? ?????? ?? ???!  ??? ???????? ?????? ????????? ?? ????????? ????? ????? ??? ???? https://t.co/m9RcbHBqk4",1,1,none,1,-1,0.9327293,bad,bad,,,,
8990,free_mentions,Avoda,Left,Avoda,Left,BiranMichal,HavodaParty,"???? ?? @Roy_Folkman ?? ??? ??????? ?????? ??????- ??????? ?????????? ??????? ????. ????? ?? ???? ????? ??? ??? ?? ??????? ?? ???????? ?? ????? ????? ???? ??? ?????????? ?? ??????. ????? ?????? 60,000 ???. ????????? ?? ?????? ??? ???? ?? ????? ?? ??? ???.",1,-1,none,-1,-1,0.64474094,good,good,,,,
1932,free_mentions,Yesh Atid,Center,Likud,Right,aliza_lavie,Likud_Party,????? ?? ???? ??? ??????????? ?? ??? ??????? ????? ??? ??? ????? ????? ?? ??? ?????? ?? ???? https://t.co/UeVLRhJwRG,-1,-1,none,-1,-1,0.9505847,good,good,,,,
35499,free_mentions,Likud,Right,Likud,Right,regev_miri,regev_miri,???? ??? - ?????? - ?????? ????: http://t.co/Ru0iFTFb4W ??? @YouTube,1,1,none,1,1,0.49629474,good,good,,,,
6594,free_mentions,Likud,Right,Likud,Right,ayoobkara,IsraeliPM,"????? ?????? ????? ?? ????? ?? ???????? ?? ??????, ??????? ??? ????? (""??? ????"")- ??? ??? ????? ????? ??????, ???? ????', ??? ??""? ??? ???? ????? ?????  ??????. ??? ???? ??????? ????? ?? ?????? ??????? ??? ??? ?????? ???????. ????? ???? ?? ??? ??? ????? ?????? ??? ???? ???? ???! https://t.co/W38oaNFN41",1,-1,none,0,1,0.63709,bad,bad,,,,
28631,user_mentions,Meretz,Left,Likud,Right,Michal_Rozin,netanyahu,@AfifAbuMuch @netanyahu @regev_miri ???? ????!! ?? ?????,-1,1,none,1,1,0.9774939,good,good,,,,
21679,free_mentions,Israel Resilience Party,Center,Likud,Right,hosen2israel,netanyahu,"?????? ????? ?????? ????: ""???? ????? ????? ?????? ?????? ?????? ?? ??????""",-1,0,none,0,-1,0.59317076,bad,bad,,,,
26580,user_mentions,Culanu,Right,Culanu,Right,Meravbenari,KahlonMoshe,"?????? ???? ??? ?????? ?????? ??? @KahlonMoshe, ????? ?????? ??????? ????????? ???????? ????? ????. ???? ????? ?????? ???????, ?????? ??????? ??????, ???? ???? ?????? ?????? ?????? ?????????? ????? ????? ??????? ?????? ????? ??????. ?? ?? ???? ???? ????? ??????? ????, ????!",1,1,none,1,-1,0.99823785,bad,bad,,,,
32424,free_mentions,Yamin Hadash,Right,Yamin Hadash,Right,newyamin,naftalibennett,"?????, ??? ???? ??? ??????? ?????? (? 21.10.18) ??????? ?????? ????? ??? ?? ????, ???? ?????? ??????? ?????? ??? ????? ?????? ????? ???? ????.  ??? ?????? ???? ?????? ????? ?? ?????? ??? ????",1,-1,none,0,-1,0.93226427,bad,bad,1,,,
12275,free_mentions,Ichud Hayamin,Right,Yamin Hadash,Right,drmichaelbenari,naftalibennett,"???? ??? ????? ???, ??? ??? ???, ??? ?? ????. ?? ?????? ?? ????, ???? ??????? ????? ?? ??????.  ????? ????? ????? ??????! https://t.co/t02uJYttgC",-1,-1,none,-1,-1,0.85062927,good,good,,,,
47729,free_mentions,Meretz,Left,Likud,Right,zehavagalon,netanyahu,"1/ ?????? ???? ???? ????? ???? ??????? ??????, ??? ????? ???? ?? ?? ??????? ??? ??? ?????? ???? ???? ????? ?? ????? ??? ??? ??????. ??????? ???? ????? ??? ???? ???? ?? ????? ?????&gt;&gt;   https://t.co/U4thAAcqIG",-1,-1,none,-1,-1,0.9932729,good,good,,,,
26345,user_mentions,Culanu,Right,Yesh Atid,Center,Meravbenari,KElharrar,"??? ????? ?????, ???? ?????, ???? ?? ????? ??? ?? ??????, ????, ????? ???? ?? ??? ?? ?????????? (???????) @akivanovick ????? ??? ????? ????? ?????? ?????? ??? ??? ???? ??? @KElharrar  ?? ????? ???? ?????? ??? ?? ???. https://t.co/T0vXW1iDna",1,1,none,1,1,0.9500674,good,good,,,,
14486,free_mentions,Avoda,Left,Likud,Right,ErelMargalit,netanyahu,"????? ??? ?? ????, ??? ??? ???? ???, ??? ?? ??? ???: ??????. ?? ?????. https://t.co/skiU2NGoTW",-1,-1,none,-1,1,0.6626553,bad,bad,,,,
22446,free_mentions,Avoda,Left,Likud,Right,Isaac_Herzog,IsraeliPM,?????? ??????? ?????? ?????? ?????? ????? ?????? ???? ?????? ?????? ?? ????? ????? ??????? ????????? ???????. https://t.co/d15R4rDkQQ,-1,-1,none,-1,-1,0.93201256,good,good,,,,
12790,user_mentions,Likud,Right,Avoda,Left,dudiamsalem,HilikBar,@HilikBar ??? ??? ????? ?????. ??? ????? ????.,1,1,none,1,1,0.9980428,good,good,,,,
11757,free_mentions,Likud,Right,Likud,Right,drAnatBerko,oren_haz,"?? ?????? ???, ??? ??""? ?????? ??????! ?????? ?????? ???????? ?? ??? @Tzachi_Hanegbi https://t.co/ZoHRPbKoBQ",1,1,none,1,1,0.7779658,good,good,,,,
48235,free_mentions,Likud,Right,Likud,Right,zoharm7,oren_haz,"@HilikBar ?????? ?? ????? ????? ????? ???, ????? ????? ?????? ?? ??? ?? ???? ??? ??? ????? ????? ?????? ???? ???????.",1,-1,none,-1,-1,0.7595944,good,good,,,,
17578,user_mentions,Gesher,Center,Gesher,Center,HaggaiReznik,Orly_levy,"@Orly_levy ????? ??? , ??? !",1,1,none,1,1,0.953439,good,good,,,,
24889,user_mentions,Likud,Right,Yesh Atid,Center,Likud_Party,YeshAtidParty,@YeshAtidParty @netanyahu Delete your account,-1,-1,none,-1,1,0.7236925,bad,bad,,,,
42210,user_mentions,Yesh Atid,Center,Israel Resilience Party,Center,yairlapid,gantzbe,"?????? ?? @gantzbe ???? ??? ?????? ??? ????? ????? ??? ??? ????? ???, ?????? ?????? ????, ??? ???? ??? ??? ???? ?? ???.",1,1,none,1,-1,0.9960337,bad,bad,,,,
35226,free_mentions,Likud,Right,Likud,Right,regev_miri,regev_miri,. ???? ??? ????? ?????? ?? ???? ????? ???? ??? ???????? ????? ????? https://t.co/JcEcsOjUVx,1,0,none,0,1,0.8560507,bad,bad,,,,
12376,free_mentions,Ichud Hayamin,Right,Shas,Right,drmichaelbenari,davidazuolay,"??? ??????, ??? ????. ??? ????? ?????? ??????? ?????? ??????? ?????? ?????. ?? ???? ???? ??????? ???????? ???. ????? ??????? ?????. https://t.co/5q7xLuiVaA",1,1,none,1,1,0.74711126,good,good,,,,
14166,user_mentions,Avoda,Left,Likud,Right,Eranhermoni,netanyahu,"??????? ?????? ?? @netanyahu , ???????? ????? ????.   ?????? ?? ????? ??????? ?????.   ???? ???? ?????? ??? ???? ????, ????? ???? ????. https://t.co/Wzq2rdEhdw",-1,-1,none,-1,-1,0.9498353,good,good,,,,
2974,user_mentions,Avoda,Left,Avoda,Left,amirperetz,MeravMichaeli,@GiladDekel @HavodaParty @Syechimovich @yayafink @StavShaffir @ishmuli @MeravMichaeli @cabel_eitan @omerbarlev @micZerno ???? ????!,1,1,none,1,1,0.9758911,good,good,,,,
6498,user_mentions,Hadash Taal,Left,Meretz,Left,AyOdeh,tamarzandberg,@saruriariel @tamarzandberg ?? ??? ?????? ??? ????? ?? ??? ???????? ?? ?? ?? ?? ???? ??? ?? ??? ???? ??? ???? ???????,1,-1,none,-1,-1,0.97207516,good,good,,,,
1749,user_mentions,Yesh Atid,Center,Likud,Right,aliza_lavie,giladerdan1,"????? ????. ???? ????? ???? ?????? ?????? ????? ????? ???? ??????? ????? ???????, ????? ???? ????? ????? ??????? ???? ??????? ?????? ?????? ?????? ??????. ???? ?@giladerdan1 ?? ??????? ???????? ????, ????? ??????? ?????????? ???????? ????? ?????. ??? ???, ???????. https://t.co/WKuVleIs91",1,1,none,1,1,0.9130586,good,good,,,,
18042,user_mentions,Avoda,Left,Likud,Right,HaimJelin,YehudahGlick,@YehudahGlick @chaimlevinson ????? ?? ???? ?????? ????.?????? ????? ??????? ???? ?? ???? ?? ?????? ??????? ????.?????? ?? ????? ??? ????????,-1,-1,none,-1,-1,0.7652498,good,good,,,,
37509,free_mentions,Avoda,Left,Likud,Right,StavShaffir,netanyahu,"13 ???? ??????, ?????? ??????? ??????? ?? ???? ????? - ???? ????? ?????? ???? ???????? ??? ?????? ?? ????? ??????? ????? ??? ???? ??? ????? ???? ?????? ??? ???? - ??????. ???? ??? ?? ?????? ???. ????? ????? ????? ??????? ????????? ??????? ??? ????? ??????. ?? ????? ??????, ?????. https://t.co/IFGyyN0410",-1,-1,none,-1,-1,0.6711469,good,good,,,,
33946,free_mentions,Avoda,Left,Likud,Right,omerbarlev,netanyahu,?????? ???? ??? ???? ???? ????? ??? ????? ???????. ???? ??? ?????.. http://t.co/4BMF06Dxwj,-1,-1,none,-1,-1,0.52188665,good,good,,,,
29408,free_mentions,Avoda,Left,Likud,Right,mikiros1,netanyahu,??????? ?????-????? ???????? ???? ?????? ?????? ?? ????? ???????? ???? ??? ???? ?????? ?? ??????? ???? ?????? ????? ???. https://t.co/2bWVPkeZxi,-1,-1,none,-1,-1,0.9434069,good,good,,,,
335,user_mentions,Hadash Taal,Left,Likud,Right,Ahmad_tibi,regev_miri,@guy_glick @regev_miri ???? ?????? ????? ???? ???????..,-1,0,none,0,1,0.57856685,bad,good,1,,,
11237,free_mentions,Likud,Right,Avoda,Left,davidbitan,HavodaParty,@YoavKisch ??? ???? ?????? ???? ?????? ????? ???????? ??????? ???. ????????? ???? ?? ?????? ??????,-1,-1,none,-1,-1,0.6890148,good,good,,,,
43049,free_mentions,Likud,Right,Zehut,Right,YehudahGlick,moshefeiglin,?????????: ?????? ?????? ?????? ????? ?????? ???? ??????????  ??? ?????: 1. ??????? ????? ?? ????? ??????? ???? ????? ???? ?? ????? ???? ??? ???? ?????? ?????? ???? ?? ?? ??? ??? ?? ???. 2. ????? ???? ????? ???????? ????? ???? ????? ?????? ????? ?? ????? https://t.co/eZAiINCENv,0,-1,none,-1,-1,0.94844466,good,good,,,,
34298,free_mentions,Likud,Right,Avoda,Left,oren_haz,ishmuli,@DorSahar @NRozentzweig ?? ?? ??? ??????! ??? ?? ???? ?????? ????? ????,1,-1,none,0,-1,0.88304317,bad,bad,1,,,
797,free_mentions,Hadash Taal,Left,Likud,Right,Ahmad_tibi,netanyahu,?????? ??????: ???????? ??????? ???? ????? ?? ???? ???????? ????? ???? ???? ??? ???? ?? ???? ??? ???????.???? ?????? ?? ?? ????? ?????? ???.,-1,-1,none,-1,1,0.88183916,bad,bad,,,,
4877,free_mentions,Israel Betenu,Right,Israel Betenu,Right,AvigdorLiberman,Beytenu,"????? ???? ???? ??""?, ????? ???? ?????? ""????? ?????"", ???? ?? ???? ????? ???? 18 ???? ??????? ???? ?? ??????... http://t.co/YeKCQL9B",1,0,none,0,-1,0.8863612,bad,bad,,,,
39050,free_mentions,Avoda,Left,Likud,Right,swid4,netanyahu,"24 ???? ???? ??? ????? ???? ?????? ???? ?? ???? ??? ????, ?? ?????, ???? ????? ??????, ??????? ??? ?? ??? ??? ???? ???? ????? ???. @netanyahu ?? ???? ?? ????? ?????? ??? ?????? ?? ????? ?? ????? ????? ???, ???""? ?? ?? ?????? ??????? ?????? ????? ????? ?????? ?? ???""?!",-1,-1,none,-1,-1,0.96863115,good,good,,,,
43840,quoted_status,Likud,Right,Ichud Hayamin,Right,YehudahGlick,bezalelsm,"????? ??? ??? ?????? ?????? ?? ????? ????? @bezalelsm  ??? ?? ??? ???????? ??????? ?? ??? ??""? ????? ??? ???????? ????? ??""?! ???? ??? ?????  ???? ?????? ???? ??????? @AvigdorLiberman ???? ?? ????? https://t.co/xdNynA4Ekg",1,1,none,1,1,0.9928778,good,good,,,,
43265,user_mentions,Likud,Right,Hadash Taal,Left,YehudahGlick,Ahmad_tibi,@YEnglender @Ahmad_tibi ???? ??? ???? ????? ??? ????? ????? ?????? ??????? ?? ?????? ??????? ????? ?? ??? ??? ????? ????? ???? ???? ???? ?? ?????? ???? ?????? ?? ??? ????? ??? ?????? ???,-1,-1,none,-1,1,0.9781733,bad,bad,,,,
18854,user_mentions,Avoda,Left,Avoda,Left,HassonYoel,swid4,"?????? ?????? ????? ??????? ??? ?????? ?????? ?? ?????? ???""? ??????? ???? 9 ???? ?? ????? ??????.????? ??????? @HerzogMK ???? ????? ????? ?????  @swid4 https://t.co/TbnRFbvXgo",1,1,none,1,1,0.99705327,good,good,,,,
5822,user_mentions,Avoda,Left,Avoda,Left,Ayeletnnv,cabel_eitan,???? ??? @talschneider ??  *?? ??? @cabel_eitan  @globesnews https://t.co/CLioJ1mDhy,1,1,none,1,1,0.9834235,good,good,,,,
41095,free_mentions,Kadima,Left,Likud,Right,Tzipi_Livni,IsraeliPM,"?????? ???????. ????? ????? ??????, ????? ????? ?????? ?????? ??????, ????? ?????? ???? ?? ????? ????? ????? ?????? ??????? ??? ????????. ?????? ????. ?????? ?? ?? ?????? ????????. ??????????, ?? ????? ???????-?????, ??? ?????. https://t.co/3Ei0V9k7Js",-1,-1,none,-1,-1,0.9478215,good,good,,,,
20528,free_mentions,Avoda,Left,Avoda,Left,HavodaParty,Syechimovich,"I added a video to a @YouTube playlist http://t.co/UOA2aoXo ??? ????????': ""?????? ?????? ???? ?????""",1,-1,none,0,1,0.7897145,bad,bad,,,,
44796,free_mentions,Yesh Atid,Center,Likud,Right,YeshAtidParty,netanyahu,"?""? ???? ???? @LapidAtid ?????? @ynet: ?? ????? ???? ?? ????? - ?????? ???? ??????"". http://t.co/zww68c5Nq8",-1,-1,none,-1,-1,0.9181642,good,good,,,,
5743,free_mentions,Avoda,Left,Likud,Right,Ayeletnnv,giladerdan1,"??? ???? ???? ??????, ??? ???? ????? ??????? ?? ?????? ??? ??? ?????? ????? ?? ???? ?????? ?? ???? ???? ????????? ????. ????. @giladerdan1 https://t.co/SwLKZykpq2",-1,-1,none,-1,-1,0.47287133,good,good,,,,
23531,free_mentions,Likud,Right,Likud,Right,Israel_katz,netanyahu,"?????? ?????? ??? ??????? ???????, ?????? ????? ??? ????? ?????? ?????? ?? ????? ??????? ?????? ???? ?????? ?????? ???????? ?? ????? ???????? ???????? ???? ???? ???? ????? ???? ?????. ?????? ????????, ?? ??? ??? ??? ???????? ?????.",1,-1,none,0,-1,0.977705,bad,bad,,,,
17975,user_mentions,Avoda,Left,Likud,Right,HaimJelin,davidbitan,???? ??? ????? .???? ??????? ??? ??? .????? ?? ?????? ???? ?????? .@davidbitan ??? ?????? ????? .??? ???? ! https://t.co/fvjL3ZESsY,0,1,none,1,1,0.77350205,good,good,,,,
17362,free_mentions,Likud,Right,Yamin Hadash,Right,GilaGamliel,Ayelet__Shaked,????? ????? ???? ?????? ??? ???. ?? ???? ??????? ????? ??? ?????? ???? ????. ??????? ???????. ????? ???? ????.,-1,1,none,-1,1,0.80844253,bad,bad,,,,
30185,free_mentions,Avoda,Left,Avoda,Left,mikiros1,mikiros1,"???? ???? ?? ???? ??????: ""??????? ??? ????? ??? ????"" - ?????!  https://t.co/f2hOVRcCVQ",1,-1,none,0,1,0.8879913,bad,good,1,,,
1608,free_mentions,Yesh Atid,Center,Meretz,Left,aliza_lavie,Michal_Rozin,"?????? ?? ???? ??????! ???? ??? ??????? ??? ????? ????? ???????? ???? ??????. ?????? ??? ???? ??? ???? ??? ??? ?????? ?? ????? ???? ??, ??????? ???????. ??? ??? ???????? Michal Rozin ???? ????? ????? ????? ?????... https://t.co/zLkMY6Xo4q",1,-1,none,-1,-1,0.92520815,good,good,,,,
31693,free_mentions,Yamin Hadash,Right,Likud,Right,naftalibennett,giladerdan1,"&gt;&gt;?????? ????? ?????? ??????? ???????.  ????? ???? ?? ????? ????, ???? ?? ?????? ?? ????? ???? ???? ?? ??? ??? ?????? ???? ???? ??? ?????? ???? ?????? ????? ?????? ??, ????? ???????? ?????????.  ????? ???? ??????? ??? ????? ????. ?? ????? ??? ???? ????? ?? ???? ??????, ????? ??.",0,1,none,0,1,0.9572686,bad,bad,,,,
29389,user_mentions,Avoda,Left,Likud,Right,mikiros1,netanyahu,@malic56 @PninaKatz @netanyahu https://t.co/QuOtYJDpLZ,-1,0,none,0,1,0.7236925,bad,bad,-1,,,
25804,user_mentions,Culanu,Right,Avoda,Left,Meravbenari,ishmuli,"??? ??? ??? ??? ??? ????? @ishmuli ???? ????? ??? ????. ????? ?? ??? ???? ???? ???? ???, ????  ?? ??? ???? ????? ??? ????.. ????? ???? ?????? ?? ??? ?????. ??? ???!???????????????????",1,1,none,1,1,0.9980197,good,good,,,,
23571,free_mentions,Likud,Right,Likud,Right,Israel_katz,IsraeliPM,"???? ??????? ?????? @netanyahu ????? ?? ??????? ?????? ?????. ???, ???? ??? ????",1,1,none,1,1,0.915193,good,good,,,,
46316,free_mentions,Avoda,Left,Likud,Right,YossiYonah,netanyahu,????? ???? ?? ????? ?????? ????? ?????? ????? ???????? ???? https://t.co/naTNXUWaxe,-1,-1,none,-1,-1,0.95197356,good,good,,,,
21779,free_mentions,Yesh Atid,Center,Likud,Right,idanroll,netanyahu,"????? ????? ????? ????? ?????? ?????? ?????? ?????????? ????? ???? ?'???' ???????, ?? ????? ?????? ???. ?????? ???? ????????? ?? ?????? ???? ?? ????? ?????? ?????? ??????, ?????? ????.",-1,-1,none,-1,-1,0.8794518,good,good,,,,
19052,free_mentions,Avoda,Left,Likud,Right,HassonYoel,IsraeliPM,"?? ????? ????? ?????? ??????? ?? ???? ?????? ?????? ??, ??? ???? ?""??? ???? ?? ?????"". ??????, ????? ?? ???? ???? ?????? ?? ????? ?? ??? ??????, ?? ???? ?? ??? ????. ???? ???? ???? ?? ???? ??? ?? ????. ???? ?@netanyahu ?????? ?? ????????? ???,  ??????? ???? ??????? ????? ???????? https://t.co/2V9KhEq3G9",none,-1,-1,-1,1,0.82087284,bad,bad,,,,
14345,user_mentions,Avoda,Left,Culanu,Right,ErelMargalit,elicoh1,"????? ???? ??????? -??? ????. ?? ?? ?????? ?? ?????? ??""? ???? ??? ?????. ????? ?????? ?????? ???? ??? ???? ?????? ???? ?????? ?""? ????? ?????? ???""? ????? ??????. ???? ??? ? @KahlonMoshe ?@elicoh1 ?????? ??????? ????? ????? ????? ??????? ??????? ??? ???? https://t.co/y5H0zkNg0A",none,1,1,1,1,0.51933795,good,good,,,,
29181,free_mentions,Avoda,Left,Likud,Right,mikiros1,IsraeliPM,????? ??????? ?? ????? ??????: ????? ????? ????? - ???? ? ????? ????? - ???? ? ????? ????? ????? - ???? ? ???? ???????? ???? -?? ???? ???? ????? ?????? -??,none,-1,-1,-1,-1,0.63184613,good,good,,,,
9491,free_mentions,Blue and White,Center,Likud,Right,BlueWhite2019,netanyahu,"?????? ?????? ????? 13 ???:  ?????? ????? ???? ???? ?????! ???????: 1. ??????? ?????? ???????? ?????? ????? ?? ????? ???? ?????? ?????? ??? ?????? ???? ???? ???? ????? ????? ??????. ????? ??????? ???????, ?????, ?????? ???? ??????? ??? ??? ?????? ??????? ????????? ????? ?????.",none,-1,-1,-1,-1,0.605596,good,good,,,,
3179,free_mentions,Avoda,Left,Avoda,Left,amirperetz,HavodaParty,"?? ????? ????, ????? ????? ????? ?????? ??????: ?????? ????? ??? ?? ?? ????? ????? ???? @BenCaspit @radio103fm  https://t.co/SnSVAP7XvE",none,0,0,0,-1,0.4961745,bad,bad,1,,,
1847,user_mentions,Yesh Atid,Center,Likud,Right,aliza_lavie,drAnatBerko,"??????? ????? ????? ????? ????? ????? ????? ???? 70 ??? ??????. ?????? ???????? ????? ?????? ??? ??????? ????? ???????? ????? ?????? ??????? ?? ?????,????? ??? ????? ???? @miffno @ReinsteinJosh @drAnatBerko @AmirOhana https://t.co/b96ORZhLap",none,1,1,1,1,0.9761895,good,good,,,,
117,user_mentions,Hadash Taal,Left,Culanu,Right,Ahmad_tibi,DrMichaelOren,@DrMichaelOren @arikbender #????,none,0,0,0,1,0.7236925,bad,bad,,,,
17086,free_mentions,Likud,Right,Likud,Right,giladerdan1,Tzachi_Hanegbi,????? ?? ????? ????? ?? ????? ???? ????? ???? ???? ????? ???!  ??? ?????? ?????????? ?????  @Tzachi_Hanegbi https://t.co/jIBalSXkr3,none,-1,1,1,1,0.99134165,good,good,,,,
12985,user_mentions,Likud,Right,Likud,Right,dudiamsalem,oren_haz,@hani24 @nadavabeksis @oren_haz @ariyederi @KahlonMoshe ????? ????,none,1,0,0,-1,0.8241129,bad,bad,,,,
1064,quoted_status,Hadash Taal,Left,Hadash Taal,Left,AidaTuma,AidaTuma,"????? ???????? ??????? ?- 2016, ???? ? 60%!  ????? ??? ?? ??? ?????? ??? ??????? ????????? ?? ??????. https://t.co/0wSPGgKq1f",none,0,0,0,-1,0.971358,bad,bad,,,,
17235,user_mentions,Likud,Right,Yamin Hadash,Right,giladerdan1,Ayelet__Shaked,@Nehemia_G @Ayelet__Shaked ?? ??????. ?? ??????. ?????? ?????? ??? ?? ?????? ?????. ????? ?? ?? .,none,-1,-1,-1,-1,0.9600187,good,good,,,,
14212,user_mentions,Avoda,Left,Yamin Hadash,Right,Eranhermoni,naftalibennett,????? ??????:  @netanyahu @regev_miri @naftalibennett @moshefeiglin https://t.co/CkDGXLiw10,none,-1,0,-1,1,0.8858487,bad,bad,,,,
565,free_mentions,Hadash Taal,Left,Likud,Right,Ahmad_tibi,regev_miri,???? ???: ??? ??? ??? ???.. ?? ?? ????? ??????? @GLZRadio,none,-1,-1,-1,-1,0.9501475,good,good,,,,
5260,user_mentions,Avoda,Left,Israel Resilience Party,Center,Ayeletnnv,bogie_yaalon,"@danizamir @BlueWhite2019 @bogie_yaalon @yairlapid @gantzbe ???? ???,????. ????? ?? ????? ??? ????. ????? ???? ????? ?? ?? ???? ???? ?????? ??? ??????? ????? ?? ??? ?? ???????? ??????? ????? ?????? ????? ????. ??? ??? ????? ???? ?? ???....?????? ????? ?? ",none,-1,-1,-1,-1,0.8962453,good,good,,,,
28424,quoted_status,Avoda,Left,Avoda,Left,MeravMichaeli,mikiros1,?????! https://t.co/sOhmtSrh7D,none,1,1,1,1,0.7236925,good,good,,,,
2439,free_mentions,Yesh Atid,Center,Yesh Atid,Center,aliza_lavie,aliza_lavie,"?""? ????? ????:""????? ????? ?????,???? ????? ??? ?? ?????? ?????"": http://t.co/9jh1vNO3VU ??? @youtube",none,-1,0,0,1,0.86396396,bad,bad,,,,
27189,user_mentions,Avoda,Left,Avoda,Left,MeravMichaeli,swid4,@goldens32 @Syechimovich @ishmuli @StavShaffir @amirperetz @EmilieMoatti @omerbarlev @swid4 @itay_almog_bar @yayafink ???? ??? ????????,none,1,1,1,1,0.9893128,good,good,,,,
9712,free_mentions,Israel Resilience Party,Center,Likud,Right,bogie_yaalon,IsraeliPM,"?? ?? ????. ?? ?????? ?????? ??????? ?? ?????? ???? ??? ????? ?????, ??? ????? ?????? ?????? ?? ??????. ??? ???? ???????, ????? ??????? ???? - ????? ???????? ???? ?? ?? ????? ?? ??????. ??? ?????? ?-@talshalev1, ?????? ??????? ???? ?????? ??????????? ?? ???? ?????. https://t.co/wfmWznYKZx",none,-1,-1,-1,1,0.9543214,bad,bad,,,,
22720,user_mentions,Avoda,Left,Avoda,Left,ishmuli,omerbarlev,@HaimHabulai @Syechimovich @amirperetz @StavShaffir @EmilieMoatti @omerbarlev @yayafink @itay_almog_bar @mk_mizrahimoshe ???? ????. ????,none,1,1,1,1,0.9758911,good,good,,,,
30904,free_mentions,Avoda,Left,Yamin Hadash,Right,MKNachmanShai,Ayelet__Shaked,?????? ??? ??????? ?????? ?? ????? ??? ????? ?? ??? ???? ?????? ???? ????? ????? ?????.,none,-1,-1,-1,-1,0.88295186,good,good,,,,
8062,free_mentions,Israel Betenu,Right,Israel Betenu,Right,Beytenu,AvigdorLiberman,"Avigdor Liberman - ??????? ?????? ???? ????? ??? ?? ?? ??????? ????? ?? ?? ???????? ?????? ???? 31, ???? ????.... http://t.co/4AbeJgut",none,1,0,1,1,0.5579757,good,good,,,,
29042,user_mentions,Avoda,Left,Avoda,Left,mikiros1,Ayeletnnv,@Ayeletnnv ??? ???,none,1,1,1,1,0.9750744,good,good,,,,
33725,free_mentions,Avoda,Left,Likud,Right,omerbarlev,netanyahu,???? ??????? ?????? ??? ???? - ?????? ?? ????? ??????? ????? ??? ???? ?? ?????????? ??? ???? ??? ???? ?? ????????? ????????? ?? ??????,none,1,-1,-1,-1,0.6526733,good,good,,,,
14611,free_mentions,Avoda,Left,Avoda,Left,ErelMargalit,HaimJelin,"@elicoh1 ????? ????? ????? ????? ???? ??? ?? ???? ????, ???? ???? ?????? ?????? ???????? ????? ?? ??? ?????? ?????? https://t.co/PFLObq9TZ1",none,1,1,1,-1,0.5856515,bad,bad,,,,
6734,free_mentions,Likud,Right,Yesh Atid,Center,ayoobkara,yairlapid,?????? ?? ???? ?????? ??? ????(???? ???!?)???? ???? ?????? ??????? ?? ?? ???? ??? ?????? ???? ?? ?????? ????? ??????? ????? ????? ???? ????. https://t.co/oumgFyAWgz,none,1,-1,-1,-1,0.91610897,good,good,,,,
38721,free_mentions,Avoda,Left,Yamin Hadash,Right,StavShaffir,Ayelet__Shaked,"????? ?????? ????: ????? ?? ???? ????? ??? ?? ???? ????? ???? ????? ????? ??????? ??????? ?????? ??? ????, ??? ??? ?????? ?????? ????????",none,-1,0,0,-1,0.99293584,bad,bad,,,,
25949,quoted_status,Culanu,Right,Avoda,Left,Meravbenari,MeravMichaeli,????? ?????? ?? ???? ?????? ??????. ???? ????? ???? ????? ????? ?????? ????? ?????? ??? ????.  ??? ???? ??? ????? ?????? ?????? ??????? ??? ?? ?????? ?? ?????(?? ????? ?? ???? ??? ?? ??????? ?? ????? ??????) ?????? ????? ?? ???? ?? ???? ?? ??? ??? ???? ?????? ??????? ?????? ????? https://t.co/QpTzQ2xv4q,none,-1,-1,-1,-1,0.82161486,good,good,,,,
33794,free_mentions,Avoda,Left,Avoda,Left,omerbarlev,HavodaParty,"???? ??????? ????? ???? ????? ???? ??????, ??? Ofir Akunis - ????? ?????? ???????, ??? ?? ????? ?????? ????... https://t.co/mqqe7M8k2B",none,-1,-1,-1,1,0.9631424,bad,bad,,,,
14269,user_mentions,Avoda,Left,Likud,Right,Eranhermoni,Israel_katz,@netanyahu @Israel_katz  ??? ????? ??????? ?????? ?????? ??? ??????? ????? ?' ????? ????? ???? ?? ?? ??? ??? ???? ?????? ????? ???? ?? ????? https://t.co/cW0f3Wkxpt,none,-1,-1,-1,1,0.951883,bad,bad,,,,
47358,free_mentions,Meretz,Left,Likud,Right,zehavagalon,IsraeliPM,"???????? ????? ?????? ?? ????? ????? ??????? ????? ??? ?????? ?????? ?? ?????? ??????? ?? ??????. ??????? ??? ???? ????? ????? ??? ????? ?? ???? ???? ???? ??????? ?????? ????. ????? ?????, ????? ????? ?? ??????? ?????? ????? ?? ?? ????? ??????? ???? ????? ??? ??? ???? ????? ????",none,-1,-1,-1,-1,0.94590896,good,good,,,,
32321,free_mentions,Likud,Right,Likud,Right,netanyahu,Likud_Party,"?? ?????? ?? ???? ????? ???? ?? ???? ?????? ?? ????? ?????? ?? ?????. ?? ???? ????? ?????? ?????. ?? ????? ???? ???""? ???? ?????? ?? ?????",none,1,0,1,1,0.98831,good,good,,,,
19246,free_mentions,Avoda,Left,Likud,Right,HavodaParty,IsraeliPM,"??? ????? ???, ??? ???? ????? ????? ????? ???? ?????? ???? ?????? ?? ??????.  ???? ??? ?? ????? ???? ?????? ?? ????? ???? ?????-???? ????? ???? ?????? ??????.  ???, ???? ?????? ?? ?????? - ?? ???? ?????? ?? ??????. ?????? ???? - ?????? ??????.",none,1,-1,-1,-1,0.9647172,good,good,,,,
13269,user_mentions,Likud,Right,Meretz,Left,EliBenDahan,Michal_Rozin,"@Michal_Rozin ?? ???? ???? ????? ????? ?????? ???????? ???????? ????? ??????.??? ?????? ??????, ?????? ????? ?? ???????",none,-1,-1,-1,-1,0.67531925,good,good,,,,
29606,user_mentions,Avoda,Left,Likud,Right,mikiros1,netanyahu,"???? ????: ????? ?????? ?? @davidb ?????? ???? ?? ????, ?? ?? ????? ????. ???? ????? ??? ?????? ?? ?????? ?? ??? ?????? ?????? ??????. ????? ??? ?????? ????? ?????? ????? ????? ??????? ?? ????? ?????? ??????? ?? @netanyahu",none,-1,-1,-1,-1,0.8947443,good,good,,,,
8829,user_mentions,Avoda,Left,Avoda,Left,BiranMichal,StavShaffir,@YigalHachmon @Syechimovich @StavShaffir @EmilieMoatti @MeravMichaeli @micZerno @yayafink @omerbarlev @amirperetz ???? ???,none,1,1,1,1,0.9893128,good,good,,,,
28118,free_mentions,Avoda,Left,Likud,Right,MeravMichaeli,IsraeliPM,"???? ?? ???? ?????? ?? @DafnaMaor ???? ???? ??? ????? ?? ???? ?????. ???? ?? ??? ????? ??? ???? ??? ???? ???? ??????. ??? ????? 15 ???, ??? ????? ??????, ?????? ?????? ?????? ????? ????. https://t.co/opuUS8OgwA",none,1,0,0,-1,0.91133755,bad,bad,,,,
3374,free_mentions,Avoda,Left,Likud,Right,amirperetz,netanyahu,??????? ?????? ?????? ????? ????? ???? ???? ???? ????? ???? ????? ?? ?????? ?? ?????? ?????? ????? ??? ??? ???? ?????? ???,none,-1,-1,-1,-1,0.99384886,good,good,,,,
27078,free_mentions,Avoda,Left,Likud,Right,MeravMichaeli,IsraeliPM,"???, ???, ????, ???? ???????. ?????? ??????? ????? ?? ??????? ?? ?????. https://t.co/d2DXHydE71",none,-1,-1,-1,-1,0.46735713,good,good,,,,
8089,free_mentions,Israel Betenu,Right,Israel Betenu,Right,Beytenu,AvigdorLiberman,"??""? ????? ????? ?""? Avigdor Liberman - ??????? ?????? ???? ????: ""?? ???? ??? ??? ???? ????? ?? ???"". http://t.co/tExUvNhU",none,1,0,1,1,0.7563224,good,good,,,,
7085,free_mentions,Shas,Right,Likud,Right,BentzurYoav,IsraeliPM,"??? ???? ?? ????? ??? ????????, ????? ????? ??????? ??? ????. ??? ???? ????? ?? ????? ?? ????? ?????? ??? ????? ?????? ?? ???""? ??????.",none,1,1,1,1,0.5800076,good,good,,,,
13928,user_mentions,Avoda,Left,Likud,Right,Eranhermoni,OfirAkunis,"1# *?????? ?????? ??? ???? @OfirAkunis* ""???? ????? ?????? ??? ?????? ??????? ??????? ?? ???? ???? ??????? ?????? ??????.  ??? ???? ?????? ?????? ????' ??????? ?????? ??????? ??????? ??????? ???? ?????,?????? ???? ?????? ?????""? ?????""?: 1. ???? ???? ?? ????? 2. ?? ???? ????????"" https://t.co/DT6oYjNIKn",none,-1,-1,-1,1,0.9858088,bad,bad,,,,
39735,user_mentions,Avoda,Left,Avoda,Left,Syechimovich,StavShaffir,@sela_y @StavShaffir @EmilieMoatti @MeravMichaeli @omerbarlev @amirperetz @tomerpines ???? ???? ??,none,1,1,1,1,0.97979796,good,good,,,,
21699,user_mentions,Israel Resilience Party,Center,Israel Resilience Party,Center,hosen2israel,gantzbe,"???? ?? ??? ???? ????? ???????? ?????, ???? ?????, ???? ?? ??? ??? @gantzbe . @Reuters @DanWilliams via https://t.co/FYy96OrD1F",none,0,0,0,-1,0.84099853,bad,bad,,,,
593,user_mentions,Hadash Taal,Left,Likud,Right,Ahmad_tibi,YoavKisch,?? ?? ?? ????.. ?? @YoavKisch https://t.co/zc7z9ZmblY,none,0,0,0,-1,0.63786304,bad,bad,,,,
40803,free_mentions,Likud,Right,Likud,Right,TzipiHotovely,GilaGamliel,"?????? ????? ?? ????? ???? ???? ?????? ?? ????? ??? ?????. ????, ???? ?????? ????? ???? ????? ????? ???? ????? ?? ???, ????? ???? ????? ?????. ??? ???? ????",none,1,1,1,1,0.9934244,good,good,,,,
5228,user_mentions,Avoda,Left,Likud,Right,Ayeletnnv,YoavKisch,????? ?????? ??? ??@cabel_eitan @dovhanin @YoavKisch https://t.co/vDwKAtmlCz,none,0,0,0,1,0.68883955,bad,bad,,,,
3258,free_mentions,Avoda,Left,Avoda,Left,amirperetz,HavodaParty,"?????? ???? ?? @kobisudri ?-@yvilensky ?? ????? ????? ?????, ????? ?????? ?????? ????? 22 ??? ???? ???? ??? https://t.co/d12MJgaEZR https://t.co/txmBwIDwvp",none,0,0,0,-1,0.8206784,bad,bad,,,,
38147,user_mentions,Avoda,Left,Yamin Hadash,Right,StavShaffir,Ayelet__Shaked,@eliranmalki @YehudahGlick @Michal_Rozin @Ayelet__Shaked @GilaGamliel ?????? ??????? ????????. ?????: sshaffir@knesset.gov.il,none,0,0,0,1,0.73482525,bad,bad,,,,
19471,free_mentions,Avoda,Left,Avoda,Left,HavodaParty,StavShaffir,"?""? ???? ????:  ?????? ?????? ????? ??? ???????? ????????? ???? ????? ?? ??????? ?????????? ???????? ????. ????... http://t.co/PSVL2FZazf",none,-1,0,0,-1,0.7950205,bad,bad,,,,
19786,free_mentions,Avoda,Left,Likud,Right,HavodaParty,netanyahu,"???? (???'?) ?????: ""??? ?????? ????? ????? ?????? ??? ??? ?? ??????. ??????, ??? ?? ????? ?????'?, ?????? ?????... http://t.co/SXAF6E8jqc",none,-1,-1,-1,-1,0.8535817,good,good,,,,
14956,free_mentions,Avoda,Left,Likud,Right,ErelMargalit,IsraeliPM,"??????? ?? ?????? ?? ???? ?????? ???? ???? ?????? ??? ???? ???? ?? ????? ????????, ????? ????? ?? ????? ??? ???? https://t.co/5iNBtttzXF",none,-1,-1,-1,-1,0.6685627,good,good,,,,
20071,free_mentions,Avoda,Left,Avoda,Left,HavodaParty,HilikBar,"?""? ????? ?? ????? ????? ???? ?????? ?? ????? http://t.co/fSBHFbvNWt",none,1,0,1,1,0.89861876,good,good,,,,
9574,free_mentions,Blue and White,Center,Likud,Right,BlueWhite2019,IsraeliPM,"????? ??""? ????? ???? ???? ????? ????? ?? ?????? ???? ????? ????? ??? ??????? ?????? ??????.  ??????, ?? ????? ???? ??????? ???, ?? ????? ??? ????? ???? ?? ????.  ?????? ??????. @netanyahu @Likud_Party",none,-1,-1,-1,-1,0.9421404,good,good,,,,
18472,user_mentions,Avoda,Left,Likud,Right,HassonYoel,netanyahu,?? ???? ??? ???? ???? ?????? ?? ?????? ??????? ????? ?? ????? ???? ???? ???? ????? ?? ?????? ??? @netanyahu ????? ?? ?????? ??? ??? ????? ????. https://t.co/mKgYVeiYf4,none,-1,-1,-1,1,0.52889425,bad,bad,,,,
520,free_mentions,Hadash Taal,Left,Likud,Right,Ahmad_tibi,IsraeliPM,"????? ???? ????: ????? ??? ?????, ????? ??? ?????? ??????? ??? ????????",none,-1,0,-1,1,0.6258149,bad,bad,,,,
23949,user_mentions,Yesh Atid,Center,Yesh Atid,Center,KElharrar,YeshAtidParty,"?? ????, ???? ????, ????? ???? ?????? ????? ?????? ?????. ???? ????? ??????.  ??? ????!  @YeshAtidParty @yairlapid https://t.co/o8BV30o0Y1",none,1,1,1,-1,0.83802485,bad,bad,,,,
24869,free_mentions,Likud,Right,Likud,Right,Likud_Party,IsraeliPM,"???????: ?????? ????? ??????? ??????? ????? ?? ????????. ?????? ???? ?? ????????? ????? ?? ????? ????? ?????.   ??? ??? ??? ???? ??? ?????? ?????? ????? ????? ?????? ??????, ??? ???? ??? ???? ???? ??. https://t.co/furhmhjpCV",none,-1,0,0,-1,0.9998951,bad,bad,,,,
6433,quoted_status,Hadash Taal,Left,Hadash Taal,Left,AyOdeh,dovhanin,?? ????? ????? @dovhanin ?????? ?? ?????? ??????? ????? ????? ????? ????? ?????? ?? ??????! https://t.co/aMDew6iSRr,none,1,1,1,1,0.99213034,good,good,,,,
42771,free_mentions,Yesh Atid,Center,Likud,Right,yairlapid,netanyahu,"?? ?????? ????? ?? ????? ??, ??? ?????? ?????? ???? ???? ?? ?????? ????????. ???? ??????? ????? ????? ??????: https://t.co/eZbCVG47nc",none,-1,-1,-1,-1,0.9783735,good,good,,,,
41982,free_mentions,Avoda,Left,Avoda,Left,YaelCohenParan,HavodaParty,?? ??? ???? ?????? ???????. ????? ???? ??? ???? ?? ???? ??? ??????? ????? ????? ??????? ??? ???? ?? ?????. ??? ??? ????? ???????? ?? ???? ???? ?????? ????? ?????? ????? ????? ??? ??? ????? ?????? ???? ????? ?????? ?????? ?? ????? ?????? ??? ??????? ????????????. https://t.co/ji1k77j2jh,none,-1,-1,-1,-1,0.63938904,good,good,,,,
24360,user_mentions,Yesh Atid,Center,Avoda,Left,KElharrar,HassonYoel,@HassonYoel @akivanovick ?????? ??? ?? ???????. ??????? ???????,1,none,0,0,1,0.5081723,bad,bad,,,,
21903,user_mentions,Yesh Atid,Center,Israel Resilience Party,Center,idanroll,YoazHendel1,????? ????? ?????? ???? ???? ???? ??? @YoazHendel1 ???????? ????? ?????. ????? ?? ????? ?? ?????? ?????? ????. https://t.co/7Ln0pdBbT8,-1,none,-1,-1,-1,0.9228647,good,good,,,,
39315,user_mentions,Avoda,Left,Likud,Right,swid4,netanyahu,?? ????? ???? ????? ??? ???? @netanyahu ?? ????? ???? ????? ?????? ??? ???? ??? ??? ??????! https://t.co/WBAmNEHYLk,-1,none,-1,-1,-1,0.977446,good,good,,,,
20904,free_mentions,Avoda,Left,Avoda,Left,HavodaParty,HavodaParty,"??""? ????? ??????, ??? ????????', ???? ?? ?????? ?? ???? ?????? ????? ?????? ?? ????? ?????? ??????. ""????? ??? ??... http://t.co/T7Gp2pbb",1,none,0,0,-1,0.9409454,bad,bad,,,,
12687,free_mentions,Likud,Right,Yesh Atid,Center,dudiamsalem,yairlapid,????? ????? (??? ????? ?? ?????) ???? ?? ???? ???? ??? ????? ????? ?? 10 ???? ????. ????? ?????? ????? ?? ????? ??? ?? ?? ??? ???? ?? ????? ??? ?????. ???? ???? ??? ???? ??? ???? ??? ??? ?? ???????. ???? ?? ??. https://t.co/oMXM9jsw2H,-1,none,-1,-1,-1,0.7426115,good,good,,,,
14545,free_mentions,Avoda,Left,Likud,Right,ErelMargalit,IsraeliPM,"???? ?? ??? ???, ?? ??????. ????, ??? ??? ???? ????? ????? ????? ?????. ??? ????? ????. https://t.co/J9fhppie7c",-1,none,0,-1,-1,0.92602044,good,good,,,,
24283,quoted_status,Yesh Atid,Center,Yamin Hadash,Right,KElharrar,Shuli_MR,?? ????? ?@Shuli_MR ?? ????? ???? ?????? ????? ???? ?????? ???? ????? ?????????. ????? ??? ??? ???????? ??????????. ????? ??? ?????? ????? ??????. https://t.co/BchC2CkKPs,1,none,1,1,1,0.99566585,good,good,,,,
22891,user_mentions,Avoda,Left,Avoda,Left,ishmuli,Syechimovich,@GiladDekel @HavodaParty @Syechimovich @yayafink @StavShaffir @amirperetz @MeravMichaeli @cabel_eitan @omerbarlev @micZerno ???? ???? ????,1,none,1,1,1,0.97110623,good,good,,,,
5467,free_mentions,Avoda,Left,Zehut,Right,Ayeletnnv,moshefeiglin,"????? ???? ????? ??????? ??? ?? ????? ????????. ?? ???? ?????? ???? ?????? ??????? ??????? ??????? ????? ??????? ??? ?????? ?????? ???,??? ??? ?????? ?? ?? ????? ??????.....",-1,none,-1,-1,-1,0.8352044,good,good,,,,
44591,user_mentions,Yesh Atid,Center,Avoda,Left,YeshAtidParty,HaimJelin,"????? ?????? ?? ?""? @HaimJelin ???? ?????? ????? ??? ????? ???? ????? ?? ????? ????? ???????? ?? ????? ?????? ????? ??????? ???? ???.",1,none,0,0,1,0.4641542,bad,bad,,,,
46482,user_mentions,Avoda,Left,Culanu,Right,YossiYonah,Roy_Folkman,"@RonRone67 @KahlonMoshe @Roy_Folkman ???? ????? ??????,? ??? ??????!",1,none,1,1,1,0.5333105,good,good,,,,
7332,free_mentions,Israel Betenu,Right,Israel Betenu,Right,Beytenu,robertilatov,"?????? ???????? ?????? ???? ??? ??? --------------------------------------------- ???? ???? ?? ?""? ????? ??????... https://t.co/F7UJdUTF3u",1,none,1,1,1,0.97666806,good,good,,,,
9202,free_mentions,Avoda,Left,Likud,Right,BiranMichal,IsraeliPM,???? ????? ??????? ??????? ???? ?? ?? ??? ??????. https://t.co/a6omtR93sT,0,none,0,0,1,0.94204074,bad,bad,,,,
2055,user_mentions,Yesh Atid,Center,Yesh Atid,Center,aliza_lavie,YeshAtidParty,"??? ???? ???? ?????, ?? ???? ???? @YeshAtidParty ???? ???????, ?? ???? ???????! ???? ??? ???? ?????? ??????! https://t.co/qBsaEukOxP",1,none,1,1,1,0.922349,good,good,,,,
37747,free_mentions,Avoda,Left,Likud,Right,StavShaffir,netanyahu,"@YoazHendel1 ???? ????? ??? ???? ????? ???? ??? ?? ?? ??? ?????? - ????, ?? ????, ????? ??? 2?????? - ???? ?????? ????? ?? ????? ?????? ?????????. ????? ??? ??? ????? (?????) ???????? ?????? (????). ?????? ?????? ?? ????? ??? ????? ??? ????? ?????? ??? ??",-1,none,-1,-1,-1,0.83474016,good,good,,,,
46406,free_mentions,Avoda,Left,Avoda,Left,YossiYonah,HavodaParty,"@meravi11 @sbyifat @Roy_Folkman @azariarachel ???? ????? ?????!!! ?? ?? ???? ????? ??????? ????!!!! ???? ?? ?????? ??? ????? ?????? ?? ???? ????? ???? ?? ????? ????? ?? ????? ??????? ??? ???????? ?????? ??????? ?? ??? ????? ??, ?? ?????? ???????, ??? ????",1,none,-1,-1,-1,0.99182457,good,good,,,,
21856,free_mentions,Yesh Atid,Center,Yamin Hadash,Right,idanroll,naftalibennett,"???, ?????? ???? ??? ????? ??? ????? ????? ??? ??? ???? ????? ????? ????. ???? ???. https://t.co/unDcLAUwLd",-1,none,-1,-1,1,0.91518414,bad,bad,,,,
15328,free_mentions,Avoda,Left,Likud,Right,EyalBenReuven,regev_miri,"??? ?????? ??? ????.?? ??? ??? ????.?? ???? ???? ???? ,????? ??????? ??? ???? ??????? ????? ?? ?? ?????.?????? ?????.????? ??? ??????.?????.?? ?????.??? ??? ????????? ????????.?? ??? ??? ???? ????????",-1,none,-1,-1,-1,0.9639996,good,good,,,,
32841,free_mentions,Likud,Right,Likud,Right,OfirAkunis,OfirAkunis,"????? ? - 175,00 ????? ??? ????? ????? ??? ???? ?? ??? ????? ??????. ????? ??????, ????? ?????? ????? ???????,... http://t.co/3AkEmmGm",1,none,0,0,-1,0.5869822,bad,bad,,,,
34886,free_mentions,Israel Resilience Party,Center,Avoda,Left,ramshefa,ishmuli,"?????? ????? ????????? @YouTube http://t.co/1D5XnVtkcY ????? ?????, ??""? ???????",1,none,0,0,1,0.7236925,bad,bad,,,,
46517,free_mentions,Avoda,Left,Likud,Right,YossiYonah,netanyahu,"??????: ????? ??? ????? ????? - ??? ???? ??????.? ??, ???? ??? ????? OECD ???? ????? ?????... https://t.co/CDbDy5xtZE",-1,none,-1,-1,1,0.8490564,bad,bad,,,,
35672,free_mentions,Zehut,Right,Avoda,Left,ronzafrir,HavodaParty,??? ?????.  ????? ?????? ????? ?? ????. ???? ????? ????. ??????? ?????. ?????? ???????. ??????? ?? ???. ?????? ??????. ?????? - ????? ????? ????.  ???? ???? ?? ??????.,0,none,0,0,-1,0.46928304,bad,bad,,,,
4575,free_mentions,Likud,Right,Yesh Atid,Center,avidichter,yairlapid,"??? ???, ??? ?? ??? ?????? ?????? ???? ????? ????, ??? ?????? ???? ???? ?? ????. ????? ?????? ??????? ????? ????? ???????. ?? ???? ??? ?????? ??? ????? ??? ????? ???? ??? ?? ??????? ?? ????? ??????... ?? ?? ????? ?????. ?? ?? ????? ?????. ??? ????? https://t.co/RP1O8KeKHq",-1,none,-1,-1,-1,0.91807705,good,good,,,,
6219,free_mentions,Hadash Taal,Left,Likud,Right,AyOdeh,IsraeliPM,"????? ?????? ?????: ?????????? ????? ??????? ???? ????? ????????? ?? ????? ??????? ?????? ?????? ????? ?????? ???? ???? ????. ?????? ?? ????? ?????? ?? ????? ?? ?????, ???? ?? ???????",-1,none,-1,-1,-1,0.88835317,good,good,,,,
5742,user_mentions,Avoda,Left,Likud,Right,Ayeletnnv,giladerdan1,"??? ???? ???? ??????, ??? ???? ????? ??????? ?? ?????? ??? ??? ?????? ????? ?? ???? ?????? ?? ???? ???? ????????? ????. ????. @giladerdan1 https://t.co/SwLKZykpq2",-1,none,-1,-1,-1,0.47287133,good,good,,,,
47094,free_mentions,Avoda,Left,Yamin Hadash,Right,YossiYonah,naftalibennett,"?????? ?????? ?? ???? ???""? ?????? ?????! ????? ??? ??? ?????? ?????? ??? ???? ??...  https://t.co/hIVcG7cJre",0,none,0,0,-1,0.983914,bad,bad,,,,
44565,user_mentions,Yesh Atid,Center,Yesh Atid,Center,YeshAtidParty,yairlapid,"@yairlapid ???? ??????: ""????? ?????? ????? ????? ??????? ????? ??? ????? ?????? ??? ?? ????? ???? ??? ???? ??????""",1,none,0,0,1,0.9769508,bad,bad,,,,
36628,user_mentions,Culanu,Right,Avoda,Left,sbyifat,YaelCohenParan,"@Michal_Rozin @arikbender @YaelCohenParan ???? ????, ?? ?? ??? ??? ????? ????, ?????, ?????? ????????, ?????? ???? ????.... ?? ???? ?????, ????? ??????? ???""? ?????? ??? ????? ?? ????? ?? ??? ????? ??? ??? ?? ????, ?????- ???? ??????? ???????. ?? ??? ?? ?",-1,none,-1,-1,-1,0.97099113,good,good,,,,
37867,free_mentions,Avoda,Left,Likud,Right,StavShaffir,IsraeliPM,"?????? ???? ???? ?????? ???? ??? ??? ???? ?????? ?????? ????. ??????? ?? ?????? ?????? ??? ????? ?? ????? ??? ?????. ???????, ??? ????, ??? ?????. ????? ?? ???????? ?????: https://t.co/tM00829Prd",-1,none,-1,-1,-1,0.6252038,good,good,,,,
25317,user_mentions,Avoda,Left,Yesh Atid,Center,ManuelTraj,GermanYael1,"@ManuelTraj ?????? ??? ?? ?""? ???? ?? ?????, ??? @Ayeletnnv @Ahmad_tibi @GermanYael1 ????? ????? ?????? ????, ?????? ????? @MatanHodorov",1,none,1,1,1,0.8472584,good,good,,,,
12077,free_mentions,Ichud Hayamin,Right,Yamin Hadash,Right,drmichaelbenari,naftalibennett,"???? ????, ??? ????? ?? ???? ??? ?????? ??????? ?????? ????? ???????? ????? ??????? ???? ?? ????? ???? ??? ????. ?????? ???? ????? ?12 ?????? ?? ???. https://t.co/IPJGvPQgCG",-1,none,-1,-1,-1,0.99663985,good,good,,,,
27865,free_mentions,Avoda,Left,Likud,Right,MeravMichaeli,IsraeliPM,???? ?????? ???? ?????? ?????? ???? ?????. https://t.co/nO8eV4A1L9,-1,none,0,0,-1,0.9732593,bad,bad,,,,
36420,free_mentions,Ichud Hayamin,Right,Yesh Atid,Center,saruriariel,yairlapid,"?????? @GermanYael1, ?? ?????? ?????? ?? ????? ????? ????, ??? ?? ??? ???? ???? ??? ??????, ???? ????.",-1,none,-1,-1,1,0.9139429,bad,bad,,,,
14972,free_mentions,Avoda,Left,Culanu,Right,ErelMargalit,KahlonMoshe,"??? ??? ?????? ?????? ???? ?? ?????? ???? ??????, ??? ?????, ??? ?????? ?????. ??? ?? ????? ?????? ???? ?????? ?????. #?????????????",-1,none,-1,-1,-1,0.8433035,good,good,,,,
34986,user_mentions,Yesh Atid,Center,Blue and White,Center,Ram_Ben_Barak,BlueWhite2019,???? ???? ??? ?????? ????? ?????? ?????? ???? ??????; ??? ??? ??? ??????? ????? ??? ??????? ?? @BlueWhite2019 ???? ????? ???? - ???? ?????. ?????? ??? ????? ?? ???? ??? ???? ???? ????? ????.,1,none,1,1,1,0.97538424,good,good,,,,
28363,user_mentions,Avoda,Left,Avoda,Left,MeravMichaeli,ishmuli,@ishmuli ??????? ????? ????,1,none,1,1,1,0.84312195,good,good,,,,
37629,user_mentions,Avoda,Left,Avoda,Left,StavShaffir,Syechimovich,@NativNoam @HavodaParty @Syechimovich @ishmuli @cabel_eitan @omerbarlev @amirperetz @yayafink @EmilieMoatti @YossiYonah @mk_mizrahimoshe ???? ??? ! ????? ??? ?????.,1,none,1,1,1,0.989817,good,good,,,,
24574,user_mentions,Avoda,Left,Likud,Right,KseniaSvetlova,netanyahu,??????-????????. ??????? ?????? ??????? ?? @netanyahu ?? ????. ?? ??? ????? ??? ???? ??? ?? ???? ????? ???? ????? ?? ???????? ???????? ??????. #???_???????,-1,none,-1,-1,-1,0.56160015,good,good,,,,
38734,user_mentions,Avoda,Left,Ichud Hayamin,Right,StavShaffir,bezalelsm,"@bezalelsm @yaronavraham ?????????? ???????? ?? ????? ??? ???? ??????. ????????? ????? ?????? ???? ??????? ??? ?????, ??? ?????? ??????",-1,none,0,-1,1,0.9487788,bad,bad,,,,
34258,free_mentions,Likud,Right,Likud,Right,oren_haz,IsraeliPM,"??""? ??????, ??? ???? ?? ?????? ?????? ?? ??? ????. ?? ?? ?? ?? ?? ???????? ?????? ??? ????, ?? ???? ?? ????? ?????.  ????? ????? ???? ?????? ????? ????? ?? ??? ????? ?????? ?? ?????? ???? ????? ?""? ?????? ????? ????? ??? ?????? ??? ??????? ?????? ????? ?????? ?????? ?? ??????.",-1,none,1,-1,-1,0.953304,good,good,,,,
15592,free_mentions,Avoda,Left,Likud,Right,GabbayAvi,IsraeliPM,"????? ??? ?????? ?????? ?? ????. ?????? ???? ?? ???????. ????? ?????, ??? ??? ????? ????? ??????. ?????? ???? ?? ?? ???? ???? ????? ?? ?????? ????. https://t.co/aTctMg8sCv",-1,none,-1,-1,-1,0.99510574,good,good,,,,
20096,free_mentions,Avoda,Left,Avoda,Left,HavodaParty,Syechimovich,"??? ????????, ????? ?????? ???? 10: ""?????? ???? ???? ????? ????? ????? ????? ??? ????, ????? ???? ????? 21... http://t.co/UFHEjoWzCM",1,none,0,0,-1,0.9781472,bad,bad,,,,
27436,free_mentions,Avoda,Left,Likud,Right,MeravMichaeli,netanyahu,"?? ?? ?? ?? ??????, ??? ?????? ?? ???? ??? ??? ?????? ??? ???????? ????? ?? ??? ????????, ??? ?????? ?????? ???? ""????????"" ??? ???? ?????? ???? ??????.",-1,none,-1,-1,-1,0.9754866,good,good,,,,
47652,free_mentions,Meretz,Left,Likud,Right,zehavagalon,netanyahu,"???? ????? ???? ????? ???????, ???? ???? ???????? ?? ??? ??????. ?? ????? ??? ??? ??????? ???? ??????? ????. ?? ????? ????? ??????? ?? ???, ??? ??? ???? ?????. ?? ???????? ?????????? ?? ??????, ??? ??? ????? ????? ?? ??????. ?? ?? ????? ??? ????? ????"" https://t.co/qlIWqEbrYG",-1,none,-1,-1,-1,0.8889217,good,good,,,,
38552,free_mentions,Avoda,Left,Likud,Right,StavShaffir,IsraeliPM,???? ??? ???? ?????? ?? ??? ????? ????? ???? ????? ????? ???? ???? ????? - ?? ???? ????? ?? ?????? ?????? ?? 300 ????? ?????????,-1,none,-1,-1,1,0.45743003,bad,bad,,,,
4748,free_mentions,Israel Betenu,Right,Yesh Atid,Center,AvigdorLiberman,YeshAtidParty,"????? ?????? ?????? ??""? ???? ??? ???? ????? ?? ?""? ???? ????. ??? ??? ???? ?????? ??? ????? ???????? ?????? ????? ????. ??? ???? ??? ??? ???? ???? ??? ????? ??? ???""? ?? ????.",-1,none,-1,-1,1,0.9664765,bad,bad,,,,
13151,free_mentions,Yesh Atid,Center,Likud,Right,Elazar_stern,netanyahu,???? ?????? ?? ?????? ??? ????? ??????? ???? ?????? - ???? ???? ?????? ???? ????.  ?? ????? ?? ????? ?????... http://t.co/gMmADkd7tH,-1,none,-1,-1,1,0.6380405,bad,bad,,,,
48601,quoted_status,Israel Resilience Party,Center,Israel Resilience Party,Center,ZviHauser,ZviHauser,@LapidAtid @YunaLeibzon ??????? ???? :https://t.co/3rBT2CYUiz,1,none,0,0,1,0.7421986,bad,bad,,,,
48299,user_mentions,Likud,Right,Yesh Atid,Center,zoharm7,KElharrar,"@KElharrar @KElharrar ??? ?????????, ?? ?? ?? ??????? ?????? ???. ???? ?????? ?????? ??? ??????? ??????. ?????? ?? ???? ????? ????? ?? ????? ????.",-1,none,-1,-1,-1,0.8673719,good,good,,,,
12152,free_mentions,Ichud Hayamin,Right,Yamin Hadash,Right,drmichaelbenari,naftalibennett,@Gidon_Dokow @ronnyeps @Roy_Iddan ???? ???? ???? ????.,-1,none,0,0,1,0.9077307,bad,bad,,,,
17572,free_mentions,Likud,Right,Likud,Right,GilaGamliel,GilaGamliel,"?""? ???? ?????? - Gila Gamliel ???? ???? ??? ???? ???? ?????? ????? ?????? ????? http://t.co/ThKGrTBa http://t.co/yNWasO16",1,none,0,0,1,0.7116174,bad,bad,,,,
786,free_mentions,Hadash Taal,Left,Likud,Right,Ahmad_tibi,IsraeliPM,"????,???? ???? ?????  ?????? ??? ??? ??????  ?? ???? ?????.????? ???  ??? ?????.??? ???? ??? ????? ????? ????.??? ?? ???? ??? ?????.",-1,none,-1,-1,1,0.9774369,bad,bad,,,,
746,free_mentions,Hadash Taal,Left,Ichud Hayamin,Right,Ahmad_tibi,MotiYogev,https://t.co/gKcsPyGOJO ???? ???? ??? ?D9 ???? ????.???????  ??????? ????????.,-1,none,-1,-1,1,0.9025381,bad,bad,,,,
751,free_mentions,Hadash Taal,Left,Likud,Right,Ahmad_tibi,netanyahu,?? ?????? ?????? ?????: ??? ??????? ?????? ?????? ????? ?? ?????? ???? ????.. https://t.co/ddpzSrgiVh,-1,none,0,-1,-1,0.9902838,good,good,,,,
23420,user_mentions,Avoda,Left,Avoda,Left,ishmuli,EyalBenReuven,"????, ???? ?? ?? ??????? ??????????? ?????????? ???? ????? ?????. ???? ????? ????? ?????? ?? ???? @EyalBenReuven ????? ????? ??????? ????? ??? ???. https://t.co/nq2Ou5ZWGa",1,none,1,1,1,0.9922443,good,good,,,,
15710,free_mentions,Avoda,Left,Avoda,Left,GabbayAvi,HavodaParty,"????? ?? ?? ?????. ?""? ???? ????, ??? ????? ??????, ????? ??? ?????? ??? ????????? ???????. ????? ?? ?????? ??? ?????? ????. @StavShaffir https://t.co/6OHEOe5JUl",1,none,1,1,1,0.95172274,good,good,,,,
4158,free_mentions,Avoda,Left,Likud,Right,amirperetz,netanyahu,"????, ?? ?? ????? ????? ??????? ???? ?? ????  ????""? ?-20:00 ????? ???? ??? ?????, ??? ???? ??? ???' ?????? 8... http://t.co/vna2Z7kq",0,none,0,0,1,0.5466013,bad,bad,,,,
5733,quoted_status,Avoda,Left,Yamin Hadash,Right,Ayeletnnv,naftalibennett,???? ??? @naftalibennett ????? ??????? ????? ?????? ???. ?? ????? ??????? ????? ?? ?????????? ????. ??? ????? ?? https://t.co/wMBKPUpIRZ,1,none,1,1,1,0.9941717,good,good,,,,
46072,user_mentions,Avoda,Left,Avoda,Left,YossiYonah,HavodaParty,"@EmilieMoatti @NativNoam @HavodaParty @Syechimovich @StavShaffir @ishmuli @cabel_eitan @omerbarlev @amirperetz @yayafink @mk_mizrahimoshe ????, ???? ?? ?????? ??? ?????!!??",1,none,1,1,1,0.9747704,good,good,,,,
33,free_mentions,Hadash Taal,Left,Israel Resilience Party,Center,Ahmad_tibi,gantzbe,"????? ??????? ????? ?????? ?? ??? ??? ?????????. ?? ????? ???, ??? ?????? ?????? ?????? ???? ???? ?????? ??????. ?? ?? ????? ?????????. https://t.co/4Um8GU7yn7",-1,none,-1,-1,-1,0.9886043,good,good,,,,
,,,,,,,,,,,,,,,,,,,,
,,,,,,,,,,,,,,,,,,,,
,,,,,,,,,,,,,,,,,,,,
,,,,,,,,,,,,,,,,,,,,
,,,,,,,,,,,,,,,,,,,,
,,,,,,,,,,,,,,,,,,,,
,,,,,,,,,,,,,,,,,,,,
,,,,,,,,,,,,,,,,,,,,
,,,,,,,,,,,,,,,,,,,,
,,,,,,,,,,,,,,,,,,,,
,,,,,,,,,,,,,,,,,,,,
,,,,,,,,,,,,,,,,,,,,
,,,,,,,,,,,,,,,,,,,,
,,,,,,,,,,,,,,,,,,,,
,,,,,,,,,,,,,,,,,,,,
,,,,,,,,,,,,,,,,,,,,
,,,,,,,,,,,,,,,,,,,,
,,,,,,,,,,,,,,,,,,,,
,,,,,,,,,,,,,,,,,,,,
,,,,,,,,,,,,,,,,,,,,
,,,,,,,,,,,,,,,,,,,,
,,,,,,,,,,,,,,,,,,,,
,,,,,,,,,,,,,,,,,,,,
,,,,,,,,,,,,,,,,,,,,
,,,,,,,,,,,,,,,,,,,,
,,,,,,,,,,,,,,,,,,,,
,,,,,,,,,,,,,,,,,,,,
,,,,,,,,,,,,,,,,,,,,
,,,,,,,,,,,,,,,,,,,,
,,,,,,,,,,,,,,,,,,,,
,,,,,,,,,,,,,,,,,,,,
,,,,,,,,,,,,,,,,,,,,
,,,,,,,,,,,,,,,,,,,,
,,,,,,,,,,,,,,,,,,,,
,,,,,,,,,,,,,,,,,,,,
,,,,,,,,,,,,,,,,,,,,
,,,,,,,,,,,,,,,,,,,,
,,,,,,,,,,,,,,,,,,,,
,,,,,,,,,,,,,,,,,,,,
,,,,,,,,,,,,,,,,,,,,
,,,,,,,,,,,,,,,,,,,,
,,,,,,,,,,,,,,,,,,,,
,,,,,,,,,,,,,,,,,,,,
,,,,,,,,,,,,,,,,,,,,
,,,,,,,,,,,,,,,,,,,,
,,,,,,,,,,,,,,,,,,,,
,,,,,,,,,,,,,,,,,,,,
,,,,,,,,,,,,,,,,,,,,
,,,,,,,,,,,,,,,,,,,,
,,,,,,,,,,,,,,,,,,,,
,,,,,,,,,,,,,,,,,,,,
,,,,,,,,,,,,,,,,,,,,
,,,,,,,,,,,,,,,,,,,,
,,,,,,,,,,,,,,,,,,,,
,,,,,,,,,,,,,,,,,,,,
,,,,,,,,,,,,,,,,,,,,
,,,,,,,,,,,,,,,,,,,,
,,,,,,,,,,,,,,,,,,,,
,,,,,,,,,,,,,,,,,,,,
,,,,,,,,,,,,,,,,,,,,
,,,,,,,,,,,,,,,,,,,,
,,,,,,,,,,,,,,,,,,,,
,,,,,,,,,,,,,,,,,,,,
,,,,,,,,,,,,,,,,,,,,
,,,,,,,,,,,,,,,,,,,,
,,,,,,,,,,,,,,,,,,,,
,,,,,,,,,,,,,,,,,,,,
,,,,,,,,,,,,,,,,,,,,
,,,,,,,,,,,,,,,,,,,,
,,,,,,,,,,,,,,,,,,,,
,,,,,,,,,,,,,,,,,,,,
,,,,,,,,,,,,,,,,,,,,
,,,,,,,,,,,,,,,,,,,,
,,,,,,,,,,,,,,,,,,,,
,,,,,,,,,,,,,,,,,,,,
,,,,,,,,,,,,,,,,,,,,
,,,,,,,,,,,,,,,,,,,,
,,,,,,,,,,,,,,,,,,,,
,,,,,,,,,,,,,,,,,,,,
,,,,,,,,,,,,,,,,,,,,
,,,,,,,,,,,,,,,,,,,,
,,,,,,,,,,,,,,,,,,,,
,,,,,,,,,,,,,,,,,,,,
,,,,,,,,,,,,,,,,,,,,
,,,,,,,,,,,,,,,,,,,,
,,,,,,,,,,,,,,,,,,,,
,,,,,,,,,,,,,,,,,,,,
,,,,,,,,,,,,,,,,,,,,
,,,,,,,,,,,,,,,,,,,,
,,,,,,,,,,,,,,,,,,,,
,,,,,,,,,,,,,,,,,,,,
,,,,,,,,,,,,,,,,,,,,
,,,,,,,,,,,,,,,,,,,,
,,,,,,,,,,,,,,,,,,,,
,,,,,,,,,,,,,,,,,,,,
,,,,,,,,,,,,,,,,,,,,
,,,,,,,,,,,,,,,,,,,,
,,,,,,,,,,,,,,,,,,,,
,,,,,,,,,,,,,,,,,,,,
,,,,,,,,,,,,,,,,,,,,
,,,,,,,,,,,,,,,,,,,,
,,,,,,,,,,,,,,,,,,,,
,,,,,,,,,,,,,,,,,,,,
,,,,,,,,,,,,,,,,,,,,
,,,,,,,,,,,,,,,,,,,,
,,,,,,,,,,,,,,,,,,,,
,,,,,,,,,,,,,,,,,,,,
,,,,,,,,,,,,,,,,,,,,
,,,,,,,,,,,,,,,,,,,,
,,,,,,,,,,,,,,,,,,,,
,,,,,,,,,,,,,,,,,,,,
,,,,,,,,,,,,,,,,,,,,
,,,,,,,,,,,,,,,,,,,,
,,,,,,,,,,,,,,,,,,,,
,,,,,,,,,,,,,,,,,,,,
,,,,,,,,,,,,,,,,,,,,
,,,,,,,,,,,,,,,,,,,,
,,,,,,,,,,,,,,,,,,,,
,,,,,,,,,,,,,,,,,,,,
,,,,,,,,,,,,,,,,,,,,
,,,,,,,,,,,,,,,,,,,,
,,,,,,,,,,,,,,,,,,,,
,,,,,,,,,,,,,,,,,,,,
,,,,,,,,,,,,,,,,,,,,
,,,,,,,,,,,,,,,,,,,,
,,,,,,,,,,,,,,,,,,,,
,,,,,,,,,,,,,,,,,,,,
,,,,,,,,,,,,,,,,,,,,
,,,,,,,,,,,,,,,,,,,,
,,,,,,,,,,,,,,,,,,,,
,,,,,,,,,,,,,,,,,,,,
,,,,,,,,,,,,,,,,,,,,
,,,,,,,,,,,,,,,,,,,,
,,,,,,,,,,,,,,,,,,,,
,,,,,,,,,,,,,,,,,,,,
,,,,,,,,,,,,,,,,,,,,
,,,,,,,,,,,,,,,,,,,,
,,,,,,,,,,,,,,,,,,,,
,,,,,,,,,,,,,,,,,,,,
,,,,,,,,,,,,,,,,,,,,
,,,,,,,,,,,,,,,,,,,,
,,,,,,,,,,,,,,,,,,,,
,,,,,,,,,,,,,,,,,,,,
,,,,,,,,,,,,,,,,,,,,
,,,,,,,,,,,,,,,,,,,,
,,,,,,,,,,,,,,,,,,,,
,,,,,,,,,,,,,,,,,,,,
,,,,,,,,,,,,,,,,,,,,
,,,,,,,,,,,,,,,,,,,,
,,,,,,,,,,,,,,,,,,,,
,,,,,,,,,,,,,,,,,,,,
,,,,,,,,,,,,,,,,,,,,
,,,,,,,,,,,,,,,,,,,,
,,,,,,,,,,,,,,,,,,,,
,,,,,,,,,,,,,,,,,,,,
,,,,,,,,,,,,,,,,,,,,
,,,,,,,,,,,,,,,,,,,,
,,,,,,,,,,,,,,,,,,,,
,,,,,,,,,,,,,,,,,,,,
,,,,,,,,,,,,,,,,,,,,
,,,,,,,,,,,,,,,,,,,,
,,,,,,,,,,,,,,,,,,,,
,,,,,,,,,,,,,,,,,,,,
,,,,,,,,,,,,,,,,,,,,
,,,,,,,,,,,,,,,,,,,,
,,,,,,,,,,,,,,,,,,,,
,,,,,,,,,,,,,,,,,,,,
,,,,,,,,,,,,,,,,,,,,
,,,,,,,,,,,,,,,,,,,,
,,,,,,,,,,,,,,,,,,,,
,,,,,,,,,,,,,,,,,,,,
,,,,,,,,,,,,,,,,,,,,
,,,,,,,,,,,,,,,,,,,,
,,,,,,,,,,,,,,,,,,,,
,,,,,,,,,,,,,,,,,,,,
,,,,,,,,,,,,,,,,,,,,
,,,,,,,,,,,,,,,,,,,,
,,,,,,,,,,,,,,,,,,,,
,,,,,,,,,,,,,,,,,,,,
,,,,,,,,,,,,,,,,,,,,
,,,,,,,,,,,,,,,,,,,,
,,,,,,,,,,,,,,,,,,,,
,,,,,,,,,,,,,,,,,,,,
,,,,,,,,,,,,,,,,,,,,
,,,,,,,,,,,,,,,,,,,,
,,,,,,,,,,,,,,,,,,,,
,,,,,,,,,,,,,,,,,,,,
,,,,,,,,,,,,,,,,,,,,
,,,,,,,,,,,,,,,,,,,,
,,,,,,,,,,,,,,,,,,,,
,,,,,,,,,,,,,,,,,,,,
,,,,,,,,,,,,,,,,,,,,
,,,,,,,,,,,,,,,,,,,,
,,,,,,,,,,,,,,,,,,,,
,,,,,,,,,,,,,,,,,,,,
,,,,,,,,,,,,,,,,,,,,
,,,,,,,,,,,,,,,,,,,,
,,,,,,,,,,,,,,,,,,,,
,,,,,,,,,,,,,,,,,,,,
,,,,,,,,,,,,,,,,,,,,
,,,,,,,,,,,,,,,,,,,,
,,,,,,,,,,,,,,,,,,,,
,,,,,,,,,,,,,,,,,,,,
,,,,,,,,,,,,,,,,,,,,
,,,,,,,,,,,,,,,,,,,,
,,,,,,,,,,,,,,,,,,,,
,,,,,,,,,,,,,,,,,,,,
,,,,,,,,,,,,,,,,,,,,
,,,,,,,,,,,,,,,,,,,,
,,,,,,,,,,,,,,,,,,,,
,,,,,,,,,,,,,,,,,,,,
,,,,,,,,,,,,,,,,,,,,
,,,,,,,,,,,,,,,,,,,,
,,,,,,,,,,,,,,,,,,,,
,,,,,,,,,,,,,,,,,,,,
,,,,,,,,,,,,,,,,,,,,
,,,,,,,,,,,,,,,,,,,,
,,,,,,,,,,,,,,,,,,,,
,,,,,,,,,,,,,,,,,,,,
,,,,,,,,,,,,,,,,,,,,
,,,,,,,,,,,,,,,,,,,,
,,,,,,,,,,,,,,,,,,,,
,,,,,,,,,,,,,,,,,,,,
,,,,,,,,,,,,,,,,,,,,
,,,,,,,,,,,,,,,,,,,,
,,,,,,,,,,,,,,,,,,,,
,,,,,,,,,,,,,,,,,,,,
,,,,,,,,,,,,,,,,,,,,
,,,,,,,,,,,,,,,,,,,,
,,,,,,,,,,,,,,,,,,,,
,,,,,,,,,,,,,,,,,,,,
,,,,,,,,,,,,,,,,,,,,
,,,,,,,,,,,,,,,,,,,,
,,,,,,,,,,,,,,,,,,,,
,,,,,,,,,,,,,,,,,,,,
,,,,,,,,,,,,,,,,,,,,
,,,,,,,,,,,,,,,,,,,,
,,,,,,,,,,,,,,,,,,,,
,,,,,,,,,,,,,,,,,,,,
,,,,,,,,,,,,,,,,,,,,
,,,,,,,,,,,,,,,,,,,,
,,,,,,,,,,,,,,,,,,,,
,,,,,,,,,,,,,,,,,,,,
,,,,,,,,,,,,,,,,,,,,
,,,,,,,,,,,,,,,,,,,,
,,,,,,,,,,,,,,,,,,,,
,,,,,,,,,,,,,,,,,,,,
,,,,,,,,,,,,,,,,,,,,
,,,,,,,,,,,,,,,,,,,,
,,,,,,,,,,,,,,,,,,,,
,,,,,,,,,,,,,,,,,,,,
,,,,,,,,,,,,,,,,,,,,
,,,,,,,,,,,,,,,,,,,,
,,,,,,,,,,,,,,,,,,,,
,,,,,,,,,,,,,,,,,,,,
,,,,,,,,,,,,,,,,,,,,
,,,,,,,,,,,,,,,,,,,,
,,,,,,,,,,,,,,,,,,,,
,,,,,,,,,,,,,,,,,,,,
,,,,,,,,,,,,,,,,,,,,
,,,,,,,,,,,,,,,,,,,,
,,,,,,,,,,,,,,,,,,,,
,,,,,,,,,,,,,,,,,,,,
,,,,,,,,,,,,,,,,,,,,
,,,,,,,,,,,,,,,,,,,,
,,,,,,,,,,,,,,,,,,,,
,,,,,,,,,,,,,,,,,,,,
,,,,,,,,,,,,,,,,,,,,
,,,,,,,,,,,,,,,,,,,,
,,,,,,,,,,,,,,,,,,,,
,,,,,,,,,,,,,,,,,,,,
,,,,,,,,,,,,,,,,,,,,
,,,,,,,,,,,,,,,,,,,,
,,,,,,,,,,,,,,,,,,,,
,,,,,,,,,,,,,,,,,,,,
,,,,,,,,,,,,,,,,,,,,
,,,,,,,,,,,,,,,,,,,,
,,,,,,,,,,,,,,,,,,,,
,,,,,,,,,,,,,,,,,,,,
,,,,,,,,,,,,,,,,,,,,
,,,,,,,,,,,,,,,,,,,,
,,,,,,,,,,,,,,,,,,,,
,,,,,,,,,,,,,,,,,,,,
,,,,,,,,,,,,,,,,,,,,
,,,,,,,,,,,,,,,,,,,,
,,,,,,,,,,,,,,,,,,,,
,,,,,,,,,,,,,,,,,,,,
,,,,,,,,,,,,,,,,,,,,
,,,,,,,,,,,,,,,,,,,,
,,,,,,,,,,,,,,,,,,,,
,,,,,,,,,,,,,,,,,,,,
,,,,,,,,,,,,,,,,,,,,
,,,,,,,,,,,,,,,,,,,,
,,,,,,,,,,,,,,,,,,,,
,,,,,,,,,,,,,,,,,,,,
,,,,,,,,,,,,,,,,,,,,
,,,,,,,,,,,,,,,,,,,,
,,,,,,,,,,,,,,,,,,,,
,,,,,,,,,,,,,,,,,,,,
,,,,,,,,,,,,,,,,,,,,
,,,,,,,,,,,,,,,,,,,,
,,,,,,,,,,,,,,,,,,,,
,,,,,,,,,,,,,,,,,,,,
,,,,,,,,,,,,,,,,,,,,
,,,,,,,,,,,,,,,,,,,,
,,,,,,,,,,,,,,,,,,,,
,,,,,,,,,,,,,,,,,,,,
,,,,,,,,,,,,,,,,,,,,
,,,,,,,,,,,,,,,,,,,,
,,,,,,,,,,,,,,,,,,,,
,,,,,,,,,,,,,,,,,,,,
,,,,,,,,,,,,,,,,,,,,
,,,,,,,,,,,,,,,,,,,,
,,,,,,,,,,,,,,,,,,,,
,,,,,,,,,,,,,,,,,,,,
,,,,,,,,,,,,,,,,,,,,
,,,,,,,,,,,,,,,,,,,,
,,,,,,,,,,,,,,,,,,,,
,,,,,,,,,,,,,,,,,,,,
,,,,,,,,,,,,,,,,,,,,
,,,,,,,,,,,,,,,,,,,,
,,,,,,,,,,,,,,,,,,,,
,,,,,,,,,,,,,,,,,,,,
,,,,,,,,,,,,,,,,,,,,
,,,,,,,,,,,,,,,,,,,,
,,,,,,,,,,,,,,,,,,,,
,,,,,,,,,,,,,,,,,,,,
,,,,,,,,,,,,,,,,,,,,
,,,,,,,,,,,,,,,,,,,,
,,,,,,,,,,,,,,,,,,,,
,,,,,,,,,,,,,,,,,,,,
,,,,,,,,,,,,,,,,,,,,
,,,,,,,,,,,,,,,,,,,,
,,,,,,,,,,,,,,,,,,,,
,,,,,,,,,,,,,,,,,,,,
,,,,,,,,,,,,,,,,,,,,
,,,,,,,,,,,,,,,,,,,,
,,,,,,,,,,,,,,,,,,,,
,,,,,,,,,,,,,,,,,,,,
,,,,,,,,,,,,,,,,,,,,
,,,,,,,,,,,,,,,,,,,,
,,,,,,,,,,,,,,,,,,,,
,,,,,,,,,,,,,,,,,,,,
,,,,,,,,,,,,,,,,,,,,
,,,,,,,,,,,,,,,,,,,,
,,,,,,,,,,,,,,,,,,,,
,,,,,,,,,,,,,,,,,,,,
,,,,,,,,,,,,,,,,,,,,
,,,,,,,,,,,,,,,,,,,,
,,,,,,,,,,,,,,,,,,,,
,,,,,,,,,,,,,,,,,,,,
,,,,,,,,,,,,,,,,,,,,
,,,,,,,,,,,,,,,,,,,,
,,,,,,,,,,,,,,,,,,,,
,,,,,,,,,,,,,,,,,,,,
,,,,,,,,,,,,,,,,,,,,
,,,,,,,,,,,,,,,,,,,,
,,,,,,,,,,,,,,,,,,,,
,,,,,,,,,,,,,,,,,,,,
,,,,,,,,,,,,,,,,,,,,
,,,,,,,,,,,,,,,,,,,,
,,,,,,,,,,,,,,,,,,,,
,,,,,,,,,,,,,,,,,,,,
,,,,,,,,,,,,,,,,,,,,
,,,,,,,,,,,,,,,,,,,,
,,,,,,,,,,,,,,,,,,,,
,,,,,,,,,,,,,,,,,,,,
,,,,,,,,,,,,,,,,,,,,
,,,,,,,,,,,,,,,,,,,,
,,,,,,,,,,,,,,,,,,,,
,,,,,,,,,,,,,,,,,,,,
,,,,,,,,,,,,,,,,,,,,
,,,,,,,,,,,,,,,,,,,,
,,,,,,,,,,,,,,,,,,,,
,,,,,,,,,,,,,,,,,,,,
,,,,,,,,,,,,,,,,,,,,
,,,,,,,,,,,,,,,,,,,,
,,,,,,,,,,,,,,,,,,,,
,,,,,,,,,,,,,,,,,,,,
,,,,,,,,,,,,,,,,,,,,
,,,,,,,,,,,,,,,,,,,,
,,,,,,,,,,,,,,,,,,,,
,,,,,,,,,,,,,,,,,,,,
,,,,,,,,,,,,,,,,,,,,
,,,,,,,,,,,,,,,,,,,,
,,,,,,,,,,,,,,,,,,,,
,,,,,,,,,,,,,,,,,,,,
,,,,,,,,,,,,,,,,,,,,
,,,,,,,,,,,,,,,,,,,,
,,,,,,,,,,,,,,,,,,,,
,,,,,,,,,,,,,,,,,,,,
,,,,,,,,,,,,,,,,,,,,
,,,,,,,,,,,,,,,,,,,,
,,,,,,,,,,,,,,,,,,,,
,,,,,,,,,,,,,,,,,,,,
,,,,,,,,,,,,,,,,,,,,
,,,,,,,,,,,,,,,,,,,,
,,,,,,,,,,,,,,,,,,,,
,,,,,,,,,,,,,,,,,,,,
,,,,,,,,,,,,,,,,,,,,
,,,,,,,,,,,,,,,,,,,,
,,,,,,,,,,,,,,,,,,,,
,,,,,,,,,,,,,,,,,,,,
,,,,,,,,,,,,,,,,,,,,
,,,,,,,,,,,,,,,,,,,,
,,,,,,,,,,,,,,,,,,,,
,,,,,,,,,,,,,,,,,,,,
,,,,,,,,,,,,,,,,,,,,
,,,,,,,,,,,,,,,,,,,,
,,,,,,,,,,,,,,,,,,,,
,,,,,,,,,,,,,,,,,,,,
,,,,,,,,,,,,,,,,,,,,
,,,,,,,,,,,,,,,,,,,,
,,,,,,,,,,,,,,,,,,,,
,,,,,,,,,,,,,,,,,,,,
,,,,,,,,,,,,,,,,,,,,
,,,,,,,,,,,,,,,,,,,,
,,,,,,,,,,,,,,,,,,,,
,,,,,,,,,,,,,,,,,,,,
,,,,,,,,,,,,,,,,,,,,
,,,,,,,,,,,,,,,,,,,,
,,,,,,,,,,,,,,,,,,,,
,,,,,,,,,,,,,,,,,,,,
,,,,,,,,,,,,,,,,,,,,
,,,,,,,,,,,,,,,,,,,,
,,,,,,,,,,,,,,,,,,,,
,,,,,,,,,,,,,,,,,,,,
,,,,,,,,,,,,,,,,,,,,
,,,,,,,,,,,,,,,,,,,,
,,,,,,,,,,,,,,,,,,,,
,,,,,,,,,,,,,,,,,,,,
,,,,,,,,,,,,,,,,,,,,
,,,,,,,,,,,,,,,,,,,,
,,,,,,,,,,,,,,,,,,,,
,,,,,,,,,,,,,,,,,,,,
,,,,,,,,,,,,,,,,,,,,
,,,,,,,,,,,,,,,,,,,,
,,,,,,,,,,,,,,,,,,,,
,,,,,,,,,,,,,,,,,,,,
,,,,,,,,,,,,,,,,,,,,
,,,,,,,,,,,,,,,,,,,,
,,,,,,,,,,,,,,,,,,,,
,,,,,,,,,,,,,,,,,,,,
,,,,,,,,,,,,,,,,,,,,
,,,,,,,,,,,,,,,,,,,,
,,,,,,,,,,,,,,,,,,,,
,,,,,,,,,,,,,,,,,,,,
,,,,,,,,,,,,,,,,,,,,
,,,,,,,,,,,,,,,,,,,,
,,,,,,,,,,,,,,,,,,,,
,,,,,,,,,,,,,,,,,,,,
,,,,,,,,,,,,,,,,,,,,
,,,,,,,,,,,,,,,,,,,,
,,,,,,,,,,,,,,,,,,,,
,,,,,,,,,,,,,,,,,,,,
,,,,,,,,,,,,,,,,,,,,
,,,,,,,,,,,,,,,,,,,,
,,,,,,,,,,,,,,,,,,,,
,,,,,,,,,,,,,,,,,,,,
,,,,,,,,,,,,,,,,,,,,
,,,,,,,,,,,,,,,,,,,,
,,,,,,,,,,,,,,,,,,,,
,,,,,,,,,,,,,,,,,,,,
,,,,,,,,,,,,,,,,,,,,
,,,,,,,,,,,,,,,,,,,,
,,,,,,,,,,,,,,,,,,,,
,,,,,,,,,,,,,,,,,,,,
,,,,,,,,,,,,,,,,,,,,
,,,,,,,,,,,,,,,,,,,,
,,,,,,,,,,,,,,,,,,,,
,,,,,,,,,,,,,,,,,,,,
,,,,,,,,,,,,,,,,,,,,
,,,,,,,,,,,,,,,,,,,,
,,,,,,,,,,,,,,,,,,,,
,,,,,,,,,,,,,,,,,,,,
,,,,,,,,,,,,,,,,,,,,
,,,,,,,,,,,,,,,,,,,,
,,,,,,,,,,,,,,,,,,,,
,,,,,,,,,,,,,,,,,,,,
,,,,,,,,,,,,,,,,,,,,
,,,,,,,,,,,,,,,,,,,,
,,,,,,,,,,,,,,,,,,,,
,,,,,,,,,,,,,,,,,,,,
,,,,,,,,,,,,,,,,,,,,
,,,,,,,,,,,,,,,,,,,,
,,,,,,,,,,,,,,,,,,,,
,,,,,,,,,,,,,,,,,,,,
,,,,,,,,,,,,,,,,,,,,
,,,,,,,,,,,,,,,,,,,,
,,,,,,,,,,,,,,,,,,,,
,,,,,,,,,,,,,,,,,,,,
,,,,,,,,,,,,,,,,,,,,
,,,,,,,,,,,,,,,,,,,,
,,,,,,,,,,,,,,,,,,,,
,,,,,,,,,,,,,,,,,,,,
,,,,,,,,,,,,,,,,,,,,
,,,,,,,,,,,,,,,,,,,,
,,,,,,,,,,,,,,,,,,,,
,,,,,,,,,,,,,,,,,,,,
,,,,,,,,,,,,,,,,,,,,
,,,,,,,,,,,,,,,,,,,,
,,,,,,,,,,,,,,,,,,,,
,,,,,,,,,,,,,,,,,,,,
,,,,,,,,,,,,,,,,,,,,
,,,,,,,,,,,,,,,,,,,,
,,,,,,,,,,,,,,,,,,,,
,,,,,,,,,,,,,,,,,,,,
,,,,,,,,,,,,,,,,,,,,
,,,,,,,,,,,,,,,,,,,,
,,,,,,,,,,,,,,,,,,,,
,,,,,,,,,,,,,,,,,,,,
,,,,,,,,,,,,,,,,,,,,
,,,,,,,,,,,,,,,,,,,,
,,,,,,,,,,,,,,,,,,,,
,,,,,,,,,,,,,,,,,,,,
,,,,,,,,,,,,,,,,,,,,
,,,,,,,,,,,,,,,,,,,,
,,,,,,,,,,,,,,,,,,,,
,,,,,,,,,,,,,,,,,,,,
,,,,,,,,,,,,,,,,,,,,
,,,,,,,,,,,,,,,,,,,,
,,,,,,,,,,,,,,,,,,,,
,,,,,,,,,,,,,,,,,,,,
,,,,,,,,,,,,,,,,,,,,
,,,,,,,,,,,,,,,,,,,,
,,,,,,,,,,,,,,,,,,,,
,,,,,,,,,,,,,,,,,,,,
,,,,,,,,,,,,,,,,,,,,
,,,,,,,,,,,,,,,,,,,,
,,,,,,,,,,,,,,,,,,,,
,,,,,,,,,,,,,,,,,,,,
,,,,,,,,,,,,,,,,,,,,
,,,,,,,,,,,,,,,,,,,,
,,,,,,,,,,,,,,,,,,,,
,,,,,,,,,,,,,,,,,,,,
,,,,,,,,,,,,,,,,,,,,
,,,,,,,,,,,,,,,,,,,,
,,,,,,,,,,,,,,,,,,,,
,,,,,,,,,,,,,,,,,,,,
,,,,,,,,,,,,,,,,,,,,
,,,,,,,,,,,,,,,,,,,,
,,,,,,,,,,,,,,,,,,,,
,,,,,,,,,,,,,,,,,,,,
,,,,,,,,,,,,,,,,,,,,
,,,,,,,,,,,,,,,,,,,,
,,,,,,,,,,,,,,,,,,,,
,,,,,,,,,,,,,,,,,,,,
,,,,,,,,,,,,,,,,,,,,
,,,,,,,,,,,,,,,,,,,,
,,,,,,,,,,,,,,,,,,,,
,,,,,,,,,,,,,,,,,,,,
,,,,,,,,,,,,,,,,,,,,
,,,,,,,,,,,,,,,,,,,,
,,,,,,,,,,,,,,,,,,,,
,,,,,,,,,,,,,,,,,,,,
,,,,,,,,,,,,,,,,,,,,
,,,,,,,,,,,,,,,,,,,,
,,,,,,,,,,,,,,,,,,,,
,,,,,,,,,,,,,,,,,,,,
,,,,,,,,,,,,,,,,,,,,
,,,,,,,,,,,,,,,,,,,,
,,,,,,,,,,,,,,,,,,,,
,,,,,,,,,,,,,,,,,,,,
,,,,,,,,,,,,,,,,,,,,
,,,,,,,,,,,,,,,,,,,,
,,,,,,,,,,,,,,,,,,,,
,,,,,,,,,,,,,,,,,,,,
,,,,,,,,,,,,,,,,,,,,
,,,,,,,,,,,,,,,,,,,,
,,,,,,,,,,,,,,,,,,,,
,,,,,,,,,,,,,,,,,,,,
,,,,,,,,,,,,,,,,,,,,
,,,,,,,,,,,,,,,,,,,,
,,,,,,,,,,,,,,,,,,,,
,,,,,,,,,,,,,,,,,,,,
,,,,,,,,,,,,,,,,,,,,
,,,,,,,,,,,,,,,,,,,,
,,,,,,,,,,,,,,,,,,,,
,,,,,,,,,,,,,,,,,,,,
,,,,,,,,,,,,,,,,,,,,
,,,,,,,,,,,,,,,,,,,,
,,,,,,,,,,,,,,,,,,,,
,,,,,,,,,,,,,,,,,,,,
,,,,,,,,,,,,,,,,,,,,
,,,,,,,,,,,,,,,,,,,,
,,,,,,,,,,,,,,,,,,,,
,,,,,,,,,,,,,,,,,,,,
,,,,,,,,,,,,,,,,,,,,
,,,,,,,,,,,,,,,,,,,,
,,,,,,,,,,,,,,,,,,,,
,,,,,,,,,,,,,,,,,,,,
,,,,,,,,,,,,,,,,,,,,
,,,,,,,,,,,,,,,,,,,,
,,,,,,,,,,,,,,,,,,,,
,,,,,,,,,,,,,,,,,,,,
,,,,,,,,,,,,,,,,,,,,
,,,,,,,,,,,,,,,,,,,,
,,,,,,,,,,,,,,,,,,,,
,,,,,,,,,,,,,,,,,,,,
,,,,,,,,,,,,,,,,,,,,
,,,,,,,,,,,,,,,,,,,,
,,,,,,,,,,,,,,,,,,,,
,,,,,,,,,,,,,,,,,,,,
,,,,,,,,,,,,,,,,,,,,
,,,,,,,,,,,,,,,,,,,,
,,,,,,,,,,,,,,,,,,,,
,,,,,,,,,,,,,,,,,,,,
,,,,,,,,,,,,,,,,,,,,
,,,,,,,,,,,,,,,,,,,,
,,,,,,,,,,,,,,,,,,,,
,,,,,,,,,,,,,,,,,,,,
,,,,,,,,,,,,,,,,,,,,
,,,,,,,,,,,,,,,,,,,,
,,,,,,,,,,,,,,,,,,,,
,,,,,,,,,,,,,,,,,,,,
,,,,,,,,,,,,,,,,,,,,
,,,,,,,,,,,,,,,,,,,,
,,,,,,,,,,,,,,,,,,,,
,,,,,,,,,,,,,,,,,,,,
,,,,,,,,,,,,,,,,,,,,
,,,,,,,,,,,,,,,,,,,,
,,,,,,,,,,,,,,,,,,,,
,,,,,,,,,,,,,,,,,,,,
,,,,,,,,,,,,,,,,,,,,
,,,,,,,,,,,,,,,,,,,,
,,,,,,,,,,,,,,,,,,,,
,,,,,,,,,,,,,,,,,,,,
,,,,,,,,,,,,,,,,,,,,
,,,,,,,,,,,,,,,,,,,,
,,,,,,,,,,,,,,,,,,,,
,,,,,,,,,,,,,,,,,,,,
,,,,,,,,,,,,,,,,,,,,
,,,,,,,,,,,,,,,,,,,,
,,,,,,,,,,,,,,,,,,,,
,,,,,,,,,,,,,,,,,,,,
,,,,,,,,,,,,,,,,,,,,
,,,,,,,,,,,,,,,,,,,,
,,,,,,,,,,,,,,,,,,,,
,,,,,,,,,,,,,,,,,,,,
,,,,,,,,,,,,,,,,,,,,
,,,,,,,,,,,,,,,,,,,,
,,,,,,,,,,,,,,,,,,,,
,,,,,,,,,,,,,,,,,,,,
,,,,,,,,,,,,,,,,,,,,
,,,,,,,,,,,,,,,,,,,,
,,,,,,,,,,,,,,,,,,,,
,,,,,,,,,,,,,,,,,,,,
,,,,,,,,,,,,,,,,,,,,
,,,,,,,,,,,,,,,,,,,,
,,,,,,,,,,,,,,,,,,,,
,,,,,,,,,,,,,,,,,,,,
,,,,,,,,,,,,,,,,,,,,
,,,,,,,,,,,,,,,,,,,,
,,,,,,,,,,,,,,,,,,,,
,,,,,,,,,,,,,,,,,,,,
,,,,,,,,,,,,,,,,,,,,
,,,,,,,,,,,,,,,,,,,,
,,,,,,,,,,,,,,,,,,,,
,,,,,,,,,,,,,,,,,,,,
,,,,,,,,,,,,,,,,,,,,
,,,,,,,,,,,,,,,,,,,,
,,,,,,,,,,,,,,,,,,,,
,,,,,,,,,,,,,,,,,,,,
,,,,,,,,,,,,,,,,,,,,
,,,,,,,,,,,,,,,,,,,,
,,,,,,,,,,,,,,,,,,,,
,,,,,,,,,,,,,,,,,,,,
,,,,,,,,,,,,,,,,,,,,
,,,,,,,,,,,,,,,,,,,,
,,,,,,,,,,,,,,,,,,,,
,,,,,,,,,,,,,,,,,,,,
,,,,,,,,,,,,,,,,,,,,
,,,,,,,,,,,,,,,,,,,,
,,,,,,,,,,,,,,,,,,,,
,,,,,,,,,,,,,,,,,,,,
,,,,,,,,,,,,,,,,,,,,
,,,,,,,,,,,,,,,,,,,,
,,,,,,,,,,,,,,,,,,,,
,,,,,,,,,,,,,,,,,,,,
,,,,,,,,,,,,,,,,,,,,
,,,,,,,,,,,,,,,,,,,,
,,,,,,,,,,,,,,,,,,,,
,,,,,,,,,,,,,,,,,,,,
,,,,,,,,,,,,,,,,,,,,
,,,,,,,,,,,,,,,,,,,,
,,,,,,,,,,,,,,,,,,,,
,,,,,,,,,,,,,,,,,,,,
,,,,,,,,,,,,,,,,,,,,
,,,,,,,,,,,,,,,,,,,,
,,,,,,,,,,,,,,,,,,,,
,,,,,,,,,,,,,,,,,,,,
,,,,,,,,,,,,,,,,,,,,
,,,,,,,,,,,,,,,,,,,,
,,,,,,,,,,,,,,,,,,,,
,,,,,,,,,,,,,,,,,,,,
,,,,,,,,,,,,,,,,,,,,
,,,,,,,,,,,,,,,,,,,,
,,,,,,,,,,,,,,,,,,,,
,,,,,,,,,,,,,,,,,,,,
,,,,,,,,,,,,,,,,,,,,
,,,,,,,,,,,,,,,,,,,,
,,,,,,,,,,,,,,,,,,,,
,,,,,,,,,,,,,,,,,,,,
,,,,,,,,,,,,,,,,,,,,
,,,,,,,,,,,,,,,,,,,,
,,,,,,,,,,,,,,,,,,,,
,,,,,,,,,,,,,,,,,,,,
,,,,,,,,,,,,,,,,,,,,
,,,,,,,,,,,,,,,,,,,,
,,,,,,,,,,,,,,,,,,,,
,,,,,,,,,,,,,,,,,,,,
,,,,,,,,,,,,,,,,,,,,
,,,,,,,,,,,,,,,,,,,,
,,,,,,,,,,,,,,,,,,,,
,,,,,,,,,,,,,,,,,,,,
,,,,,,,,,,,,,,,,,,,,
,,,,,,,,,,,,,,,,,,,,
,,,,,,,,,,,,,,,,,,,,
,,,,,,,,,,,,,,,,,,,,
,,,,,,,,,,,,,,,,,,,,
,,,,,,,,,,,,,,,,,,,,
,,,,,,,,,,,,,,,,,,,,
,,,,,,,,,,,,,,,,,,,,
,,,,,,,,,,,,,,,,,,,,
,,,,,,,,,,,,,,,,,,,,
,,,,,,,,,,,,,,,,,,,,
,,,,,,,,,,,,,,,,,,,,
,,,,,,,,,,,,,,,,,,,,
,,,,,,,,,,,,,,,,,,,,
,,,,,,,,,,,,,,,,,,,,
,,,,,,,,,,,,,,,,,,,,
,,,,,,,,,,,,,,,,,,,,
,,,,,,,,,,,,,,,,,,,,
,,,,,,,,,,,,,,,,,,,,
,,,,,,,,,,,,,,,,,,,,
,,,,,,,,,,,,,,,,,,,,
,,,,,,,,,,,,,,,,,,,,
,,,,,,,,,,,,,,,,,,,,
,,,,,,,,,,,,,,,,,,,,
,,,,,,,,,,,,,,,,,,,,
,,,,,,,,,,,,,,,,,,,,
,,,,,,,,,,,,,,,,,,,,
,,,,,,,,,,,,,,,,,,,,
,,,,,,,,,,,,,,,,,,,,
,,,,,,,,,,,,,,,,,,,,
,,,,,,,,,,,,,,,,,,,,
,,,,,,,,,,,,,,,,,,,,
,,,,,,,,,,,,,,,,,,,,
,,,,,,,,,,,,,,,,,,,,
,,,,,,,,,,,,,,,,,,,,
,,,,,,,,,,,,,,,,,,,,
,,,,,,,,,,,,,,,,,,,,
,,,,,,,,,,,,,,,,,,,,
,,,,,,,,,,,,,,,,,,,,
,,,,,,,,,,,,,,,,,,,,
,,,,,,,,,,,,,,,,,,,,
,,,,,,,,,,,,,,,,,,,,
,,,,,,,,,,,,,,,,,,,,
,,,,,,,,,,,,,,,,,,,,
,,,,,,,,,,,,,,,,,,,,
,,,,,,,,,,,,,,,,,,,,
,,,,,,,,,,,,,,,,,,,,
,,,,,,,,,,,,,,,,,,,,
,,,,,,,,,,,,,,,,,,,,
,,,,,,,,,,,,,,,,,,,,
,,,,,,,,,,,,,,,,,,,,
,,,,,,,,,,,,,,,,,,,,
,,,,,,,,,,,,,,,,,,,,
,,,,,,,,,,,,,,,,,,,,
,,,,,,,,,,,,,,,,,,,,
,,,,,,,,,,,,,,,,,,,,
,,,,,,,,,,,,,,,,,,,,
,,,,,,,,,,,,,,,,,,,,
,,,,,,,,,,,,,,,,,,,,
,,,,,,,,,,,,,,,,,,,,
,,,,,,,,,,,,,,,,,,,,
,,,,,,,,,,,,,,,,,,,,
,,,,,,,,,,,,,,,,,,,,
,,,,,,,,,,,,,,,,,,,,
,,,,,,,,,,,,,,,,,,,,
,,,,,,,,,,,,,,,,,,,,
,,,,,,,,,,,,,,,,,,,,
,,,,,,,,,,,,,,,,,,,,
,,,,,,,,,,,,,,,,,,,,
,,,,,,,,,,,,,,,,,,,,
,,,,,,,,,,,,,,,,,,,,
,,,,,,,,,,,,,,,,,,,,
,,,,,,,,,,,,,,,,,,,,
,,,,,,,,,,,,,,,,,,,,
,,,,,,,,,,,,,,,,,,,,
,,,,,,,,,,,,,,,,,,,,
,,,,,,,,,,,,,,,,,,,,
,,,,,,,,,,,,,,,,,,,,
,,,,,,,,,,,,,,,,,,,,
,,,,,,,,,,,,,,,,,,,,
,,,,,,,,,,,,,,,,,,,,
,,,,,,,,,,,,,,,,,,,,
,,,,,,,,,,,,,,,,,,,,
,,,,,,,,,,,,,,,,,,,,
,,,,,,,,,,,,,,,,,,,,
,,,,,,,,,,,,,,,,,,,,
,,,,,,,,,,,,,,,,,,,,
,,,,,,,,,,,,,,,,,,,,
,,,,,,,,,,,,,,,,,,,,
,,,,,,,,,,,,,,,,,,,,
,,,,,,,,,,,,,,,,,,,,
,,,,,,,,,,,,,,,,,,,,
,,,,,,,,,,,,,,,,,,,,
,,,,,,,,,,,,,,,,,,,,
,,,,,,,,,,,,,,,,,,,,
,,,,,,,,,,,,,,,,,,,,
,,,,,,,,,,,,,,,,,,,,
,,,,,,,,,,,,,,,,,,,,
,,,,,,,,,,,,,,,,,,,,
,,,,,,,,,,,,,,,,,,,,
,,,,,,,,,,,,,,,,,,,,
,,,,,,,,,,,,,,,,,,,,
,,,,,,,,,,,,,,,,,,,,
,,,,,,,,,,,,,,,,,,,,
